item_id;item_name;sup;en_name;التصنيف
3/21/001;ترمومتر مئوي    صفر- 200م;المواد الفيزيائية;CELSUIS THERMOMETER;الحرارة
3/21/002;مولد كهربائي يعمل على الطاقة الشمسية;المواد الفيزيائية;ELECTRIC MOTOR;الحرارة
3/21/003;مولد كهربائي يعمل على الطاقة الشمسية;المواد الفيزيائية;ELECTRIC MOTOR;الحرارة
3/21/004;الة بخارية تعمل على الكهرباء;المواد الفيزيائية;STEAM ENGINE;الحرارة
3/21/005;الة بخارية تعمل على الكهرباء;المواد الفيزيائية;STEAM ENGINE;الحرارة
3/21/006;جهاز تحويل الطاقة الكهربية الى حرارية والعكس;المواد الفيزيائية;THERMOPILE;الحرارة
3/21/007;ميزان لقياس كثافة السوائل;المواد الفيزيائية;DENSITY BALANCE;الميكانيكا
3/21/008;ميزان مغناطيسي;المواد الفيزيائية;MAGNETIC BALANCE;الميكانيكا
3/21/009;جهاز تحقيق قانون جايلوساك;المواد الفيزيائية;GAY-LUSSAC'S LAW APPARTUS;الميكانيكا
3/21/010;جهاز تحقيق قانون هوك;المواد الفيزيائية;HOOK'S LAW APPARTUS;الميكانيكا
3/21/011;مزولة شمسية;المواد الفيزيائية;SUNDIAL;الميكانيكا
3/21/012;دولاب ( عجلة ) ذو ريش;المواد الفيزيائية;ROTATING VANES;الميكانيكا
3/21/013;منشور ثلاثي على حامل لتجارب الانكسار;المواد الفيزيائية;TRIANGULAR PRISM;الضوء
3/21/014;ثقل سداسي بخطاف 2 ك;المواد الفيزيائية;HEXAGONAL MASS;الميكانيكا
3/21/015;ثقل اسطواني بخطاف;المواد الفيزيائية;CYLINDRICAL MASS;الميكانيكا
3/21/016;شوكة رنانة معلومة التردد 256;المواد الفيزيائية;TUNNING FROK;الصوت
3/21/017;نماذج هندسية شفافة;المواد الفيزيائية;GEOMETRICAL MODELS;الميكانيكا
3/21/018;ترمومتر كهربائي;المواد الفيزيائية;DIGITAL THERMOMETER;الحرارة
3/21/019;جهاز هير لتعيين كثافة السوائل;المواد الفيزيائية;HARE'S APPARTUS;الميكانيكا
3/21/020;سبكتروسكوب ( مشكال الضوء البسيط );المواد الفيزيائية;SPECTROSCOPE;الضوء
3/21/021;نموذج للحركة البراونية;المواد الفيزيائية;BROWNIAN MOTION;الميكانيكا
3/21/022;نموذج رافعة من النوع الاول;المواد الفيزيائية;FIRST KIND LEVER;الميكانيكا
3/21/023;حاجز ذو ثقب صغير في الوسط;المواد الفيزيائية;COMBINED OBJECT AND RECEIVING SCREEN;الضوء
3/21/101;اناء معدني رقيق يتحطم عند تكثيف البخار فيه;المواد الفيزيائية;CRUSHING CYLINDER;الحرارة
3/21/102;انبوبة من الزجاج مملؤة بالماء تنفجر عند تجمد الماء;المواد الفيزيائية;GLASS TUBE FULL WITH WATER;الحرارة
3/21/103;بيرو متر لبيان التمدد الطولي للمعادن;المواد الفيزيائية;LINER EXPANSION APPARTUS;الحرارة
3/21/104;ترمس او زجاجة ديوار;المواد الفيزيائية;DEWAR VESSEL;الحرارة
3/21/105;ترمومتر النهاية الصغرى على لوحة;المواد الفيزيائية;MINIMUM THERMOMETER;الحرارة
3/21/106;ترمومتر النهاية العظمى على لوحة;المواد الفيزيائية;MAXIMUM THERMOMETER;الحرارة
3/21/107;ترمو متر بكمان;المواد الفيزيائية;BECKMANN THERMOMETER;الحرارة
3/21/108;ترمومتر حائط;المواد الفيزيائية;WALL THERMOMETER;الحرارة
3/21/109;ترمومتر النهايتين ومعه المغناطيس;المواد الفيزيائية;MAXIMUM & MINIMUM THERMOMETER;الحرارة
3/21/110;ترمومتر ذو تدريج دائري;المواد الفيزيائية;THERMOMETER (ROUND TYPE);الحرارة
3/21/111;ترمومتر طبي;المواد الفيزيائية;CLINICAL THERMOMETER;الحرارة
3/21/112;ترمومتر كحولي;المواد الفيزيائية;ALCOHOL THERMOMETER;الحرارة
3/21/113;ترمومتر مئوي (-10الى110درجة مئوية);المواد الفيزيائية;CELSUIS THERMOMETER;الحرارة
3/21/114;ترمومتر مئوي(-10الى 250درجةمئوية);المواد الفيزيائية;CELSUIS THERMOMETER;الحرارة
3/21/1144;ترمومتر زئبقي مئوي;المواد الفيزيائية;THERMOMETERS MERCURY;الحرارة
3/21/1145;ترمومتر كحولي مئوي;المواد الفيزيائية;ALCOHOL THERMOMETER;الحرارة
3/21/115;ترمومتر مئوى وفهرنهيتي على لوحة;المواد الفيزيائية;CELSUIS - FAHERNHEIT THERMOMETER;الحرارة
3/21/116;ثرموستات مبسط;المواد الفيزيائية;THERMOSTAT;الحرارة
3/21/117;ثرموسكوب بالاثير ;المواد الفيزيائية;THERMOSCOPE ETHER;الحرارة
3/21/118;جهاز اختلاف تمدد السوائل بالحرارة;المواد الفيزيائية;EXPANSION OF LIQUIDS APPARTUS;الحرارة
3/21/119;جهاز الحمل بالسوائل;المواد الفيزيائية;CONVETION IN LIQUID APPARTUS;الحرارة
3/21/120;جهاز الحمل بالغازات;المواد الفيزيائية;CONVETION IN GAS APPARTUS;الحرارة
3/21/121;جهاز انجنهاوز لبيان اختلاف التوصيل الاجسام الصلبة;المواد الفيزيائية;INZEN-HAUZE  APPARTUS;الحرارة
3/21/122;جهاز تعيين المكافئ الميكانيكي الحرارى (الجول);المواد الفيزيائية;MECHANICAL EQUIVALENT OF HEAT APPARTUS;الحرارة
3/21/123;جهاز تمدد ساق معدنية;المواد الفيزيائية;BAR AND GAUGE APPARTUS;الحرارة
3/21/1231;متر قياس علاقي معدني;المواد الفيزيائية;METAL TAPE RULES;خواص المادة
3/21/1232;مسطرة صلب;المواد الفيزيائية;STEEL RULE;خواص المادة
3/21/124;جهاز تندال لبيان قوة التمدد والتقلص;المواد الفيزيائية;BAR BREAKING APPARTUS;الحرارة
3/21/125;جهاز تندال لمقارنة السعة الحرارية;المواد الفيزيائية;TENDAL APPARTUS;الحرارة
3/21/126;جهاز جنتر;المواد الفيزيائية;GUNTHER APPARTUS;الحرارة
3/21/1263;مجموعة كرات بخطاف من مواد مختلفة (مجموعة من 4);المواد الفيزيائية;HOOKED BALL SET;خواص المادة
3/21/1264;ازدواج معدني;المواد الفيزيائية;COMPOUND BAR;خواص المادة
3/21/127;جهازهير;المواد الفيزيائية;DULONG -PETIT APPARTUS;الحرارة
3/21/128;جهاز عرض حركة الجزيئات (كهربائي);المواد الفيزيائية;MOLECULAR MOVEMENT APPARTUS;الحرارة
3/21/129;جهاز هوب;المواد الفيزيائية;HOPE'S APPARTUS;الحرارة
3/21/130;ديلاتومتر;المواد الفيزيائية;DILATO METER;الحرارة
3/21/131;راديوميتر كروكس;المواد الفيزيائية;RADIOMETER CROOKES;الحرارة
3/21/132;قضيب مزدوج لبيان اختلاف التمدد;المواد الفيزيائية;COMPOUND  METAL BAR;الحرارة
3/21/1328;مجموعة شوك رنانة ( مجموعة من 3 );المواد الفيزيائية;TUNNING FROK;الصوت
3/21/133;قطع من معادن مختلفةلايجاد الحرارة النوعية ( 4 معادن  الومنيوم وخارصين و رصاص و نحاس كل منها 0.5كجم );المواد الفيزيائية;SET OF METALS;الحرارة
3/21/134;كرات من الشبة بخطاف;المواد الفيزيائية;BRASS BALL WITH HOOK;الحرارة
3/21/135;كرة وحلقة مع مقبض;المواد الفيزيائية;RING AND BALL APPARTUS;الحرارة
3/21/136;مسعر جول;المواد الفيزيائية;JOULE'S CALORIMETER;الحرارة
3/21/137;مسعر نحاسي كامل;المواد الفيزيائية;COPPER CALORIMETER;الحرارة
3/21/138;مقطع من نموذج الة احتراق داخلى 4 اشواط;المواد الفيزيائية;FOUR STROKER PETROL ENGINE SECTION;الحرارة
3/21/139;مقطع من نموذج الة بخارية;المواد الفيزيائية;SREAM ENGINE SECTION;الحرارة
3/21/140;مكعاب ليزلى;المواد الفيزيائية;LESLIE'S CUBE;الحرارة
3/21/141;هيبسومتر;المواد الفيزيائية;HYPSOMETER;الحرارة
3/21/142;هيجرومتر دانيال;المواد الفيزيائية;HYGROMETER DANYAL;الحرارة
3/21/143;هيجرومتر ماسون;المواد الفيزيائية;HYGROMETER MASON;الحرارة
3/21/1475;مرآة مقعرة بعدها البؤري ( 5 ) سم;المواد الفيزيائية;CONCAVE MIRROR;الضوء
3/21/1476;مرشحات للضوء  بإطار (مجموعة من 5 );المواد الفيزيائية;MOUNTED COLOR FILTERS;الضوء
3/21/1477;شق مزدوج ( شقا يونغ ) (مجموعة من 3);المواد الفيزيائية;YOUNG’S SLITS;الضوء
3/21/1478;محزوز حيود (مجموعة من 3 );المواد الفيزيائية;DIFFRACTION GRATING;الضوء
3/21/1479;مرشح لاستقطاب الضوء على حامل  (مجموعة من 2 );المواد الفيزيائية;POLARISING FILTERS;الضوء
3/21/1480;حوض متوازي مستطيلات أكريليك;المواد الفيزيائية;ACRYLIC PARALLEL RECTANGLES BASIN;الضوء
3/21/1481;حوض نصف دائرة أكريليك;المواد الفيزيائية;ACRYLIC SEMI-CIRCLE BASIN;الضوء
3/21/1482;شاشة ذات شق ( مجموعة من 2 );المواد الفيزيائية;SCREEN WITH SLIDE;الضوء
3/21/1483;عدسة محدبة بعدها البؤري ( 15 ) سم;المواد الفيزيائية;CONVEX LENS;الضوء
3/21/1484;عدسة مقعرة بعدها البؤري ( 15 ) سم;المواد الفيزيائية;CONCAVE  LENS;الضوء
3/21/1485;مراة محدبة بعدها البؤري ( 15 ) سم;المواد الفيزيائية;CONVEX MIRROR;الضوء
3/21/1486;مراة مقعرة بعدها البؤري ( 15 ) سم;المواد الفيزيائية;CONCAVE MIRROR;الضوء
3/21/1487;مصدر ضوئي;المواد الفيزيائية;LIGHT SOURCE;الضوء
3/21/1572;مقاومة كربونية ( 4.7 ) أوم على قاعدة ;المواد الفيزيائية;CARBON RESISTANCE ON BASE;الكهرباء
3/21/1573;مقاومة كربونية ( 100 ) أوم  على قاعدة    ;المواد الفيزيائية;CARBON RESISTANCE ON BASE;الكهرباء
3/21/1574;مقاومة كربونية ( 180 ) أوم على قاعدة;المواد الفيزيائية;CARBON RESISTANCE ON BASE;الكهرباء
3/21/1575;مقاومة كربونية ( 220 ) أوم على قاعدة;المواد الفيزيائية;CARBON RESISTANCE ON BASE;الكهرباء
3/21/1576;مقاومة كربونية ( 330 ) أوم على قاعدة;المواد الفيزيائية;CARBON RESISTANCE ON BASE;الكهرباء
3/21/1577;مقاومة كربونية ( 500 ) أوم  على قاعدة    ;المواد الفيزيائية;CARBON RESISTANCE ON BASE;الكهرباء
3/21/1578;مقاومة كربونية ( 22 ) أوم على قاعدة;المواد الفيزيائية;CARBON RESISTANCE ON BASE;الكهرباء
3/21/1579;مقاومة كربونية ( 10 ) كيلوأوم على قاعدة;المواد الفيزيائية;CARBON RESISTANCE ON BASE;الكهرباء
3/21/1580;مقاومة كربونية ( 20 ) كيلوأوم على قاعدة;المواد الفيزيائية;CARBON RESISTANCE ON BASE;الكهرباء
3/21/1581;مقاومة كربونية ( 30 ) كيلوأوم على قاعدة;المواد الفيزيائية;CARBON RESISTANCE ON BASE;الكهرباء
3/21/1582;مقاومة كربونية ( 40 ) كيلوأوم على قاعدة;المواد الفيزيائية;CARBON RESISTANCE ON BASE;الكهرباء
3/21/1583;مقاومة كربونية ( 47 ) كيلوأوم على قاعدة;المواد الفيزيائية;CARBON RESISTANCE ON BASE;الكهرباء
3/21/1584;مكثف كهربائي ( 1 ) فاراد على قاعدة;المواد الفيزيائية;CAPACITOR ON BASE;الكهرباء
3/21/1585;مكثف كهربائي ( 240 ) ميكرو فاراد على قاعدة;المواد الفيزيائية;CAPACITOR ON BASE;الكهرباء
3/21/1586;مكثف كهربائي ( 500 ) ميكرو فاراد على قاعدة;المواد الفيزيائية;CAPACITOR ON BASE;الكهرباء
3/21/1587;مكثف كهربائي ( 1000 ) ميكرو فاراد على قاعدة;المواد الفيزيائية;CAPACITOR ON BASE;الكهرباء
3/21/1588;ديود ضوئي أحمر على قاعدة;المواد الفيزيائية;RED LIGHT EMITTING DIODE;الكهرباء
3/21/1589;ديود ضوئي أخضر على قاعدة;المواد الفيزيائية;GREEN LIGHT EMITTING DIODE;الكهرباء
3/21/1590;ديود ضوئي أزرق على قاعدة;المواد الفيزيائية;BLUE LIGHT EMITTING DIODE;الكهرباء
3/21/1591;ديود رقم (1N4002  ) على قاعدة;المواد الفيزيائية;DIODE 1N4002 ON BASE;الكهرباء
3/21/1691;مولد كهربائي يدوي ( AC / DC);المواد الفيزيائية;MANUAL GENERATOR;الكهرباء
3/21/1692;سلك توصيل أسود بمشبك فم تمساح;المواد الفيزيائية;CROCODILE CLIP WIRES;الكهرباء
3/21/1693;قاعدة مصباح كهربائي صغير;المواد الفيزيائية;BULB LAMP HOLDER;الكهرباء
3/21/1694;قضيب مغناطيسي ( مجموعة من 2 );المواد الفيزيائية;MAGNET BAR;الكهرباء
3/21/1695;مغناطيس حرف ( U );المواد الفيزيائية;U FORM MAGNET;الكهرباء
3/21/1696;ملف ابتدائي وثانوي;المواد الفيزيائية;INDUCED CURRENT APPARATUS;الكهرباء
3/21/1697;سلك أحمر بأقطاب موزية ( توصيل متعامد);المواد الفيزيائية;RED CABLE WITH  BANANA PLUG STACKABLE;الكهرباء
3/21/1698;سلك أسود بأقطاب موزية ( توصيل متعامد);المواد الفيزيائية;BLACK CABLE WITH  BANANA PLUG STACKABLE;الكهرباء
3/21/1699;سلك توصيل أحمر بمشبك فم تمساح;المواد الفيزيائية;CROCODILE CLIP WIRES;الكهرباء
3/21/1700;خلية شمسية مع محرك كهربي;المواد الفيزيائية;SOLAR CELL WITH ELECTRIC MOTOR;الكهرباء
3/21/176;بندول ثواني بمنزلق;المواد الفيزيائية;PENDULUM;الحرارة
3/21/177;سخان بخار;المواد الفيزيائية;STEAM GENERATOR;الحرارة
3/21/178;قدر كاتم;المواد الفيزيائية;HIGH PRESSURE POT;الحرارة
3/21/179;انبوبة زجاجية بها زئبق وزجاج ملون;المواد الفيزيائية;MOLECULAR VIBRATION TUBE;الحرارة
3/21/180;لوح زجاجي اسود اللون;المواد الفيزيائية;BLACK PLATE;الحرارة
3/21/181;دورق زجاجي كري له انبوبة جانبيه في عنقه;المواد الفيزيائية;SPHERICAL FLASK WITH SIDE TABULATION;الحرارة
3/21/182;مسعر لتجربة الخلط;المواد الفيزيائية;CALORIMETER;الحرارة
3/21/183;قطارة راسها معقوف;المواد الفيزيائية;DROPPING PIPETTE;خواص المادة
3/21/1919;مجموعة نقل الحركة ( مجموعة من 3 );المواد الفيزيائية;MOVEMENT TRANSFER SET;الميكانيكا
3/21/1928;ساعة ايقاف رقمية;المواد الفيزيائية;DIGITAL STOP CLOCK;الميكانيكا
3/21/1941;كفتين  ميزان مع حامل;المواد الفيزيائية;TWO SCALES WITH A HOLDER;الميكانيكا
3/21/1945;نموذج ذراع  توازن;المواد الفيزيائية;EQUILIBRIUM  LEVER MODEL;الميكانيكا
3/21/1948;عربة صغيرة بالبطارية;المواد الفيزيائية;SMALL BATTERY CART;الميكانيكا
3/21/1955;اثقال بخطاف;المواد الفيزيائية;HOOK WEIGHT SET;الميكانيكا
3/21/1956;بكرة ثلاثية على محور واحد مختلفة الاقطار على عمود;المواد الفيزيائية;ATRIANGULAR PULLEY ON ONE AXIS HAS DIFFERENT DIAMETERS ON A COLUMN;الميكانيكا
3/21/1957;بكرة خ?ط للتعل?ق;المواد الفيزيائية;REEL THREAD;الميكانيكا
3/21/1958;سطح للحركة ( مجموعة من 5 );المواد الفيزيائية;INCLINED PLANE;الميكانيكا
3/21/201;اثقال لاستعمال الميزان ذو الكفتين;المواد الفيزيائية;WEIGHTS;خواص المادة
3/21/202;الاسطوانة والدلو لارشميدس;المواد الفيزيائية;BUCKET AND CYLINDER FOR ARCHIMEDES;خواص المادة
3/21/203;الة هيرو;المواد الفيزيائية;HERO'S ENGINE (EOLIPILE);خواص المادة
3/21/204;اناء ازاحة;المواد الفيزيائية;DISPLACMENET VESSEL;خواص المادة
3/21/205;انبوبة ذات شعبتين على حامل حرف  U;المواد الفيزيائية;COMBINED U-TUBE;خواص المادة
3/21/206;اواني مستطرقة;المواد الفيزيائية;COMMUNICATING VESSEL;خواص المادة
3/21/207;باروثرموجراف مسجل ومعه خرائط;المواد الفيزيائية;BAROTHERMOGRAOH;خواص المادة
3/21/208;باروجراف مسجل ومعه خرائط;المواد الفيزيائية;BAROGRAPH;خواص المادة
3/21/209;بارومتر زئبقي (فورتن);المواد الفيزيائية;FORTIN’S BAROMETER;خواص المادة
3/21/210;بارومتر معدني;المواد الفيزيائية;ANERIOD BAROMETER;خواص المادة
3/21/211;ترمومتر هوائي لبيان علاقة الحجم بدرجة الحرارة;المواد الفيزيائية;AIR THERMOMETER;خواص المادة
3/21/212;جهاز بسكال لشرح الضغط في قاع سائل;المواد الفيزيائية;PASCAL’S LAW APPARATUS;خواص المادة
3/21/213;جهاز تحقيق قانون بويل;المواد الفيزيائية;BOYLE’S LAW APPARATUS;خواص المادة
3/21/214;جهاز تحقيق قانون شارل;المواد الفيزيائية;CHARLES LAW APPARATUS;خواص المادة
3/21/215;جهاز لشرح ضغط السائل على الجوانب;المواد الفيزيائية;SPOUTING CYLNDER;خواص المادة
3/21/216;جهاز يوضح ان للسائل ضغط في جميع الاتجاهات;المواد الفيزيائية;EQULAITY OF PRESSURE IN LIQUIDS;خواص المادة
3/21/217;حامل قبابة جولي;المواد الفيزيائية;JOLLY'S AIR BULB HOLDER;خواص المادة
3/21/218;روافع مختلفة (3نماذج );المواد الفيزيائية;LEAVES OF THREE ORDERS;خواص المادة
3/21/219;صنجات كاملة داخل علبة;المواد الفيزيائية;BALANCE WEIGHTS;خواص المادة
3/21/220;عجلة قياس ( اوبيسومير );المواد الفيزيائية;OPISOMETER;خواص المادة
3/21/221;غشاء نصف منفذ;المواد الفيزيائية;SEMI-PERMEABLE MEMBRANE;خواص المادة
3/21/222;فرملة هيدروليكية;المواد الفيزيائية;HYDRAULIC BRAKE;خواص المادة
3/21/223;قدمة بورنية;المواد الفيزيائية;VERNIER CALIPER;خواص المادة
3/21/224;قنطرة ارخميدس;المواد الفيزيائية;BALANCE BRIDGE;خواص المادة
3/21/225;كسور الجرام;المواد الفيزيائية;FRACTIONAL WEIGHT SET;خواص المادة
3/21/226;مانومتر مدرج;المواد الفيزيائية;MANOMETER;خواص المادة
3/21/227;محقن غازات;المواد الفيزيائية;GAS SYRINGE;خواص المادة
3/21/228;مخلخلة هواء كهربائية;المواد الفيزيائية;VACUUM PUMP ROTARY;خواص المادة
3/21/229;مخلخلة هواء يدوية;المواد الفيزيائية;VACUUM PUMP;خواص المادة
3/21/230;مسطرة مدرجة طولها 50 سم;المواد الفيزيائية;RULER;خواص المادة
3/21/231;مسطرة مدرجة طولها 100سم;المواد الفيزيائية;RULER;خواص المادة
3/21/232;مسطرة مدرجة طولها قدم;المواد الفيزيائية;RULER;خواص المادة
3/21/233;مقياس كري (اسفيرو متر);المواد الفيزيائية;SPHEROMETER;خواص المادة
3/21/234;مقياس لولبي ( ميكرومتر );المواد الفيزيائية;MICROMETER;خواص المادة
3/21/235;مكبس هيدروليكي;المواد الفيزيائية;HYDRAULIC PRESS;خواص المادة
3/21/236;مكعب الومنيوم 3 سم3;المواد الفيزيائية;ALUMINUM CUB;خواص المادة
3/21/237;مكعب حديد  3 سم3;المواد الفيزيائية;IRON CUB;خواص المادة
3/21/238;مكعب خشب 1سم3;المواد الفيزيائية;WOOD CUB;خواص المادة
3/21/239;ميزان حساس داخل صندوق;المواد الفيزيائية;PHYSICAL BALANCE;خواص المادة
3/21/240;ميزان ذو ثلاثة اذرع;المواد الفيزيائية;TRIPLE BEAM BALANCE;خواص المادة
3/21/241;ميزان زنبركي مدرج 100جم ;المواد الفيزيائية;SPRING BALANCE;خواص المادة
3/21/242;ميزان زنبركي مدرج 500 جم;المواد الفيزيائية;SPRING BALANCE;خواص المادة
3/21/243;ميزان زنبركي مدرج 1000 جم;المواد الفيزيائية;SPRING BALANCE;خواص المادة
3/21/244;ميزان  زنبركي مدرج 5000 جم;المواد الفيزيائية;SPRING BALANCE;خواص المادة
3/21/245;ميزان زنبركي مدرج 10 كجم;المواد الفيزيائية;SPRING BALANCE;خواص المادة
3/21/246;ميزان زنبركي مدرج 25كجم;المواد الفيزيائية;SPRING BALANCE;خواص المادة
3/21/247;ميزان قباني;المواد الفيزيائية;ROMAN STEELYARD;خواص المادة
3/21/248;ميزان كهربائي بكفة واحدة (ميزان الكتروني);المواد الفيزيائية;ELECTRONIC BALANCE;خواص المادة
3/21/249;ناقوس زجاجي للخلخلة;المواد الفيزيائية;BELL JAR;خواص المادة
3/21/250;نصفا كرة مجد برج;المواد الفيزيائية;MAGDEGURG HIMISPHERES;خواص المادة
3/21/251;نماذج هندسية من الخشب;المواد الفيزيائية;SET OF GEOMETRICAL MODELS;خواص المادة
3/21/252;نموذج تربين مائي;المواد الفيزيائية;WATER TURBINE MODEL;خواص المادة
3/21/253;نموذج طائرة;المواد الفيزيائية;AIR PALNE MODEL;خواص المادة
3/21/254;نموذج مضخة حريق;المواد الفيزيائية;FIRE EXTINGUISHER PUMP MODEL;خواص المادة
3/21/255;نموذج مضخة ماصة  رافعة;المواد الفيزيائية;LIFT PUMP MODEL;خواص المادة
3/21/256;نموذج مضخة ماصة كابسة;المواد الفيزيائية;FORCE PUMP MODEL;خواص المادة
3/21/257;نموذج مكبس براما;المواد الفيزيائية;BRAMAH HYDRAULIC PRESS  MODEL;خواص المادة
3/21/258;هيدرومتر لقياس الكثافات الثقيلة;المواد الفيزيائية;HYDROMETER;خواص المادة
3/21/259;هيدرومتر لقياس الكثافات الخفيفة;المواد الفيزيائية;HYDROMETER;خواص المادة
3/21/260;هيدرومتر لقياس كثافة اللبن;المواد الفيزيائية;LACTOMETER;خواص المادة
3/21/261;جهاز تحقيق قانون نيوتن;المواد الفيزيائية;NEWTON'S LAW APPARATUS;خواص المادة
3/21/262;قطعة مطاطية رقيقة دائرية الشكل;المواد الفيزيائية;THIN RUBBER RING;خواص المادة
3/21/263;انبوبة زجاجية بطول 90سم مغلقة من طرف;المواد الفيزيائية;GLASS TUBE CLOSE FROM ONE END;خواص المادة
3/21/301;الة ادارة;المواد الفيزيائية;WHIRLING TABLE;الصوت
3/21/302;انبوبة ارغوانية بمكبس مدرج;المواد الفيزيائية;ORGAN PIPE WITH MARKED PISTON;الصوت
3/21/303;انبوبة ارغوانية ذات غشاء;المواد الفيزيائية;ORGAN PIPE WITH MEMBRANCE;الصوت
3/21/304;انبوبة ارغوانية معتادة;المواد الفيزيائية;ORGAN PIPE;الصوت
3/21/305;انبوبة انعكاس للصوت والحراره;المواد الفيزيائية;REFLECTOR TUBE;الصوت
3/21/306;انبوبة تلسكوبية للرنين;المواد الفيزيائية;RESONANCE APPARATUS;الصوت
3/21/307;انبوبة رنين مفرده;المواد الفيزيائية;RESONANCE APPARATUS;الصوت
3/21/308;انبوبة كندت كامله;المواد الفيزيائية;KUNDT'S APPARATUS;الصوت
3/21/309;انبوبة كوينك لقياس سرعة الصوت;المواد الفيزيائية;QUINCKE'S TUBE;الصوت
3/21/310;بندول تكافؤ بسيط;المواد الفيزيائية;SIMPLE PENDULUM;الصوت
3/21/311;بوق تكلم;المواد الفيزيائية;SPEAKING HORN;الصوت
3/21/312;بوق سمع;المواد الفيزيائية;HEARING HORN;الصوت
3/21/313;جهاز التموجات الطولية والمستعرضه;المواد الفيزيائية;WAVE MOTION APPARATUS;الصوت
3/21/314;جهاز كامبل;المواد الفيزيائية;CAMPBELL  APPARATUS;الصوت
3/21/315;حامل انبوبة انعكاس;المواد الفيزيائية;STAND FOR REFLECTOR TUBE;الصوت
3/21/316;سلك من الشبة للصونومتر(ق 0,4)مم;المواد الفيزيائية;BRASS WIRE;الصوت
3/21/317;سلك من الشبة للصونومتر (ق 0,8)مم;المواد الفيزيائية;BRASS WIRE;الصوت
3/21/318;سلك من الصلب للصنومتر (ق 0,4)مم;المواد الفيزيائية;STEEL WIRE;الصوت
3/21/319;سلك من الصلب للصونومتر(ق0,8)مم;المواد الفيزيائية;STEEL WIRE;الصوت
3/21/320;مجموعة اسلاك للصنومترمختلفة;المواد الفيزيائية;SET OF WIRES FOR SONOMETER;الصوت
3/21/321;سماعه طبيب;المواد الفيزيائية;STETHOSCOPE;الصوت
3/21/322;شوكة رنانة بابره;المواد الفيزيائية;TUNNING FROK WITH NEDEL;الصوت
3/21/323;شوكة رنانة مجهولة التردد;المواد الفيزيائية;TUNNING FROK;الصوت
3/21/324;شوكة رنانة معلومة الترددعدد 6;المواد الفيزيائية;TUNNING FROK;الصوت
3/21/325;شوكة رنانة معلومة الترددعدد8;المواد الفيزيائية;TUNNING FROK;الصوت
3/21/326;شوكة رنانة معلومة الترددعدد9;المواد الفيزيائية;TUNNING FROK;الصوت
3/21/327;شوكة رنانة معلومة التردد عدد12;المواد الفيزيائية;TUNNING FROK;الصوت
3/21/328;شوكة رنانة معلومة الترددعدد13;المواد الفيزيائية;TUNNING FROK;الصوت
3/21/329;شوكة رنانة على صندوق;المواد الفيزيائية;TUNNING FROK ON BOX;الصوت
3/21/330;شوكة رنانة على صندوق عدد4;المواد الفيزيائية;TUNNING FROKS ON BOX;الصوت
3/21/331;صفارة كانياردي لاتور;المواد الفيزيائية;SIREN WITH INDICATOR;الصوت
3/21/332;صونومتر للطالب كامل;المواد الفيزيائية;STUDENT SONOMETER;الصوت
3/21/333;صونومتر للمدرس كامل;المواد الفيزيائية;TETCHAR SONOMETER;الصوت
3/21/334;عجلة سافار المسننة;المواد الفيزيائية;SAVART WHEEL;الصوت
3/21/335;قوس كمان;المواد الفيزيائية;BOWS;الصوت
3/21/336;لوح عاكس من المعدن على حامل;المواد الفيزيائية;REFLECTOR PLATE WITH HOLDER;الصوت
3/21/337;مخبار رنين;المواد الفيزيائية;RESONANCE JAR;الصوت
3/21/338;مطرقة للشوكة الرنانة;المواد الفيزيائية;HAMMER RUBBER;الصوت
3/21/339;نابط لدراسة الموجات;المواد الفيزيائية;WAVE FROM,HELIX;الصوت
3/21/340;ناقوس زجاجي بجرس للخلخلة;المواد الفيزيائية;BELL IN VACUUM;الصوت
3/21/376;قطع فلين;المواد الفيزيائية;CORK PIECE;الصوت
3/21/377;مسحوق فلين;المواد الفيزيائية;CORK POWDER;الصوت
3/21/378;مسحوق ليكوبوديوم;المواد الفيزيائية;LYCOPODIUM POWDER;الصوت
3/21/401;جهاز شدة الاستضاءة;المواد الفيزيائية;PHOTOMETER;الضوء
3/21/402;جهاز هارتل كامل;المواد الفيزيائية;HARTLEY'S APPARATUS;الضوء
3/21/403;حامل شمعات;المواد الفيزيائية;CANDEL HOLDER;الضوء
3/21/404;حامل عدسة او مراة خشبي;المواد الفيزيائية;LENS HOLDER;الضوء
3/21/405;حامل للمصباح الصغير;المواد الفيزيائية;HOLDER FOR SMALL LAMP;الضوء
3/21/406;حامل مراة شريطية او مستوية;المواد الفيزيائية;PLANE MIRRORS HOLDER;الضوء
3/21/407;حاجز لاستقبال الصورة;المواد الفيزيائية;WHITE SCREEN;الضوء
3/21/408;حاجز ذو ثقب متغير الاتساع;المواد الفيزيائية;IRIS DIAPHRAGM;الضوء
3/21/409;حوض زجاجى متوازى المستطيلات;المواد الفيزيائية;RECTANGULAR GLASS TANK;الضوء
3/21/410;خزانة ذات ثقب;المواد الفيزيائية;PINHOLE CAMERA BOX;الضوء
3/21/411;زجاج او بلاستك ملون بالوان الطيف;المواد الفيزيائية;COLOR GLASS;الضوء
3/21/412;زوج من المرشحات المستقطبة;المواد الفيزيائية;POLARISING FILTERS;الضوء
3/21/413;صندوق زجاجى لتجارب الانكسار;المواد الفيزيائية;GLASS BOX FOR REFRACTION;الضوء
3/21/414;صندوق ضوئى;المواد الفيزيائية;LIGHT BOX;الضوء
3/21/415;عدسة محدبة الوجهين(ع= 5 سم);المواد الفيزيائية;CONVEX LENS;الضوء
3/21/416;عدسة محدبة الوجهين(ع= 10سم);المواد الفيزيائية;CONVEX LENS;الضوء
3/21/417;عدسة محدبة الوجهين(ع= 20 سم);المواد الفيزيائية;CONVEX LENS;الضوء
3/21/418;عدسة محدبة الوجهين(ع= 30 سم);المواد الفيزيائية;CONVEX LENS;الضوء
3/21/419;عدسة محدبة الوجهين(ع= 50 سم);المواد الفيزيائية;CONVEX LENS;الضوء
3/21/420;عدسة مقعرة الوجهين(ع= 5 سم);المواد الفيزيائية;CONCAVE  LENS;الضوء
3/21/421;عدسة مقعرة الوجهين(ع= 10سم);المواد الفيزيائية;CONCAVE  LENS;الضوء
3/21/422;عدسة مقعرة الوجهين(ع= 30 سم);المواد الفيزيائية;CONCAVE  LENS;الضوء
3/21/423;عدسة مقعرة الوجهين (ع= 50 سم);المواد الفيزيائية;CONCAVE  LENS;الضوء
3/21/424;عين الغواصة;المواد الفيزيائية;PERISCOPE;الضوء
3/21/425;فتحة طولية متغيرة الاتساع بقاعدة;المواد الفيزيائية;ADIUSTABLE SLIT;الضوء
3/21/426;فوتومتر جولى;المواد الفيزيائية;PHOTOMETER JOLLY'S;الضوء
3/21/427;قرص ضوئي مدرج من (90:0درجة) + علبة ادوات الضوء;المواد الفيزيائية;RAY TRACK APPARATUS;الضوء
3/21/428;قرص نيوتن;المواد الفيزيائية;NEWTON'S COLOR DISC;الضوء
3/21/429;متوازي مستطيلات زجاجي;المواد الفيزيائية;RECTANGULAR BLOCK;الضوء
3/21/430;مجموعة اغشية بها ثقوب مختلفة بالحامل;المواد الفيزيائية;OPTICAL ELEMENTS;الضوء
3/21/431;مراتان بينهما زاوية;المواد الفيزيائية;PHOTOMETER BUNSEN'S GREASE SPOT;الضوء
3/21/432;مراتان متوازيتان;المواد الفيزيائية;PARALL MIRROR;الضوء
3/21/433;مراة شريطية;المواد الفيزيائية;STRAP  MIRROR;الضوء
3/21/434;مراة محدبة (ع=10سم);المواد الفيزيائية;CONVEX MIRROR;الضوء
3/21/435;مراة محدبة(ع=20سم);المواد الفيزيائية;CONVEX MIRROR;الضوء
3/21/436;مراة محدبة(ع=30سم);المواد الفيزيائية;CONVEX MIRROR;الضوء
3/21/437;مراة محدبة(ع=50سم);المواد الفيزيائية;CONVEX MIRROR;الضوء
3/21/438;مراة مستوية;المواد الفيزيائية;PLANE MIRROR;الضوء
3/21/439;مراة مقعرة(ع=10سم);المواد الفيزيائية;CONCAVE MIRROR;الضوء
3/21/440;مراة مقعرة (ع=20سم);المواد الفيزيائية;CONCAVE MIRROR;الضوء
3/21/441;مراة مقعرة (ع=30سم);المواد الفيزيائية;CONCAVE MIRROR;الضوء
3/21/442;مراة مقعرة (ع=50سم);المواد الفيزيائية;CONCAVE MIRROR;الضوء
3/21/443;مرشحات ضوئية مختلفة الالوان;المواد الفيزيائية;LIGHT FILTER;الضوء
3/21/444;مصباح صغير(2-4فولت);المواد الفيزيائية;LAMP BULB 2-4 VOLT;الضوء
3/21/445;مصباح صغير (6فولت);المواد الفيزيائية;LAMP BULB 6 VOLT;الضوء
3/21/446;مصابيح كهربائية (5و10و15و40وات);المواد الفيزيائية;LAMP BULBS;الضوء
3/21/447;مصابيح مختلفة( هيدروجين وزئبق وصوديوم);المواد الفيزيائية;LAMPS( HYDROGEN  - MERCURY - SODIUM );الضوء
3/21/448;مصدر ضوئي للمنضدة الضوئية بالحامل;المواد الفيزيائية;LIGHT SOURCE WITH HOLDER;الضوء
3/21/449;مطياف كامل بالمنشور;المواد الفيزيائية;SPECTROMETER;الضوء
3/21/450;مكعب زجاجي;المواد الفيزيائية;GLASS CUBE;الضوء
3/21/451;منشور زجاجي متساوي الاضلاع;المواد الفيزيائية;EQUILATERAL PRISM;الضوء
3/21/452;منشور زجاجي زوايا( 45و45و90);المواد الفيزيائية;RIGHT ANGEL PRISM 90 , 45;الضوء
3/21/453;منشور زجاجي زواياة(30و60و90);المواد الفيزيائية;RIGHT ANGEL PRISM 90 , 60;الضوء
3/21/454;منشور خشبي;المواد الفيزيائية;WOODEN PRISM;الضوء
3/21/455;منشور رقيق;المواد الفيزيائية;NARROW ANGLE PRISM;الضوء
3/21/456;منضدة ضوئية كاملة;المواد الفيزيائية;OPTICAL BENCH;الضوء
3/21/457;منقلة خشبية قطرها 20سم;المواد الفيزيائية;WODEEN PROTRACTOR;الضوء
3/21/458;نصف قرص زجاجي دائرى;المواد الفيزيائية;SIMICIRCULAR  BLOCK;الضوء
3/21/459;نموذج الة تصوير;المواد الفيزيائية;CAMERA MODEL;الضوء
3/21/460;نموذج تليسكوب جاليليو;المواد الفيزيائية;GALIEON TELESCOPE MODEL;الضوء
3/21/461;نموذج تلسكوب فلكي;المواد الفيزيائية;ASTRONOMICAL TELESCOPE MODEL;الضوء
3/21/462;نموذج ميكرو سكوب;المواد الفيزيائية;MICROSCOPE MODEL;الضوء
3/21/463;هرم رباعي سلك (لقانون التربيع العكسي);المواد الفيزيائية;QUADRUPLE PYRAMID;الضوء
3/21/464;منشور فرنل;المواد الفيزيائية;FRESNEL’S BI-PRISM;الضوء
3/21/465;محزوز الحيود;المواد الفيزيائية;DIFFRACTION GRATING;الضوء
3/21/466;جهاز قياس الطيف الضوئي;المواد الفيزيائية;SPECTROSCOPE;الضوء
3/21/467;جهاز حلقات نيوتن;المواد الفيزيائية;NEWTON’S RINGS APPARATUS;الضوء
3/21/468;جهاز قياس الاستقطاب;المواد الفيزيائية;POLARI METER (LAURENT'S HALF SHADE);الضوء
3/21/469;مصباح زئبق ضغط عالي;المواد الفيزيائية;MERCURY VAPOUR LAMP;الضوء
3/21/470;حامل لمصباح الزئبق;المواد الفيزيائية;LAMPHOUSE FOR MERCURY LAMP;الضوء
3/21/471;مشغل لمصباح الزئبق;المواد الفيزيائية;TRANSFORMER FOR MERCURY LAMP;الضوء
3/21/472;منضدة ضوئية صغيرة;المواد الفيزيائية;SMALE OPTICAL BENCH;الضوء
3/21/473;وصلة دورانية مدرجة للمنضدة الضوئية الصغيرة;المواد الفيزيائية;ROTATABLE DISC;الضوء
3/21/474;منشور رؤية مباشرة;المواد الفيزيائية;DIRECT VISION PRSIM;الضوء
3/21/475;حامل منشور رؤية مباشرة;المواد الفيزيائية;DIRECT VISION PRSIM HOLDER;الضوء
3/21/501;الواح من الالمنيوم سمك 2 مم;المواد الفيزيائية;ALUMINUM PLATES;الكهرباء
3/21/502;الواح من الرصاص سمك 2مم;المواد الفيزيائية;LEAD PLATES;الكهرباء
3/21/503;انبوبة حيود الالكتروني;المواد الفيزيائية;ELECTRON DIFFRATION TUBE;الكهرباء
3/21/504;ترانزستور;المواد الفيزيائية;TRANSISROT;الكهرباء
3/21/505;جلفانومترللقياس بالنانوامبير;المواد الفيزيائية;GALVANOMETER;الكهرباء
3/21/506;جهاز قياس اشباه الموصلات;المواد الفيزيائية;SEMI-CONDUCTOR  METER;الكهرباء
3/21/507;جهاز قياس رقمي;المواد الفيزيائية;DIGITAL MULTI METER;الكهرباء
3/21/508;جهاز قياس متعدد;المواد الفيزيائية;MULTI METER;الكهرباء
3/21/509;جهاز قياس مقاومة-ملف-مكثف;المواد الفيزيائية;LCR METER;الكهرباء
3/21/510;حجرة غيمية;المواد الفيزيائية;CLOUD CGAMBER;الكهرباء
3/21/511;راسم اهتزازات;المواد الفيزيائية;OSCILLOSCOPE;الكهرباء
3/21/512;سماعات;المواد الفيزيائية;LOUDSPEAKER;الكهرباء
3/21/513;عداد جيجر واجهزته الالكترونية;المواد الفيزيائية;GEIGER-MUELLER;الكهرباء
3/21/514;فولتمتر حساس الكتروني;المواد الفيزيائية;DIGITAL VOLTMETER;الكهرباء
3/21/515;لوحة تجارب الكترونية;المواد الفيزيائية;SOLDERLESS BREADBOARD;الكهرباء
3/21/516;لوحة توضح التوصيل الكهربي في المنزل;المواد الفيزيائية;"ELECTRIC CONNECTION AT HOME 

CHART";الكهرباء
3/21/517;لوحة لايضاح اسس الالكترونات;المواد الفيزيائية;ELECTRONIC FUNDAMENTAL;الكهرباء
3/21/518;لوحة لايضاح عمل دوائر الاستقبال;المواد الفيزيائية;RECEIVER CIRCUITS;الكهرباء
3/21/519;لوحة لايضاح دوائر الارسال;المواد الفيزيائية;TRANSMITTER CIRCUITS;الكهرباء
3/21/520;لوحة لمبادئ الكهرباء والدوائر الكهربية;المواد الفيزيائية;PRINCIPLE OF ELECTRICITY AND  CIRCUITS;الكهرباء
3/21/521;لوحة لايضاح مبادئ المغناطيسية;المواد الفيزيائية;PRINCIPLE OF MAGNETISM;الكهرباء
3/21/522;لوحة معمل;المواد الفيزيائية;LABORATORY BOARD;الكهرباء
3/21/523;مادة مشعة (الثوريوم);المواد الفيزيائية;RADIOACTIVE SOURCES;الكهرباء
3/21/524;مصدر تغذية جهد منخفض;المواد الفيزيائية;LOW VOLTAGE POWER SUPPLY;الكهرباء
3/21/525;مصدر اشعة الفا وبيتا وجاما;المواد الفيزيائية;RADIOACTIVE SOURCES;الكهرباء
3/21/526;مقاومات كربونية;المواد الفيزيائية;CARBON RESISTOR;الكهرباء
3/21/527;مقاومات متغيرة;المواد الفيزيائية;VARIBL RESISTOR;الكهرباء
3/21/528;مقومات سيليكون  IN914;المواد الفيزيائية;SILCON DIODE;الكهرباء
3/21/529;مقومات سليكون IN5406;المواد الفيزيائية;SILCON DIODE;الكهرباء
3/21/530;مكبرات للترددات العالية;المواد الفيزيائية;HIGH FREQUENCY AMPLIFIER;الكهرباء
3/21/531;مكبرات للترددات المنخفضة;المواد الفيزيائية;LOW FREQUENCY AMPLIFIER;الكهرباء
3/21/532;مكثفات تانتاليوم;المواد الفيزيائية;TANATALIM CAPACITOR;الكهرباء
3/21/533;مكثفات ديسك;المواد الفيزيائية;DISC CAPACITOR;الكهرباء
3/21/534;مولد ذبذبات عالية;المواد الفيزيائية;HIGH FREQUENCY GENERATOR;الكهرباء
3/21/535;مولد ذبذبات منخفضة;المواد الفيزيائية;LOW FREQUENCY GENERATOR;الكهرباء
3/21/536;نموذج للا لكتروسكوب ( الكشاف الكهربي );المواد الفيزيائية;ELECTROSCOPE;الكهرباء
3/21/537;نموذج لبطارية جافة;المواد الفيزيائية;DRY CELL;الكهرباء
3/21/538;نموذج لبطارية سائلة;المواد الفيزيائية;SIMPLE CELL;الكهرباء
3/21/539;نموذج لتركيب الذرة;المواد الفيزيائية;ATOM MODEL;الكهرباء
3/21/540;نموذج خلاط يدوى;المواد الفيزيائية;COMMUTATOR MODEL;الكهرباء
3/21/541;نموذج لعداد  كهربي;المواد الفيزيائية;ELECTRIC CUONTER MODEL;الكهرباء
3/21/542;نموذج للمحرك الكهربي;المواد الفيزيائية;ELECTRIC MOTOR MODEL;الكهرباء
3/21/543;نموذج للمحولات الكهربائية;المواد الفيزيائية;ELECTRIC TRANSFORMER MODEL;الكهرباء
3/21/544;نموذج مسخن غاطس;المواد الفيزيائية;IMMERSION HEATER MODEL;الكهرباء
3/21/545;نموذج للمولد الكهربي;المواد الفيزيائية;ELECTRIC GENERATOR MODEL;الكهرباء
3/21/546;الواح ماصة;المواد الفيزيائية;ABSORBER PALATE;الذرة
3/21/547;معداد طلابي;المواد الفيزيائية;TALLY COUNTER;الذرة
3/21/548;ميكرو فولتيميتر- بيكو امبير;المواد الفيزيائية;MICRO-VOLTMETER;الذرة
3/21/549;جهاز قياس النسبة m/e;المواد الفيزيائية;E/M APPARTUS;الذرة
3/21/550;طيف سلسلة بالمر;المواد الفيزيائية;BALMER SERIES;الذرة
3/21/551;مكبر قياسي;المواد الفيزيائية;STANDER  AMPLIFIER;الذرة
3/21/552;ملف متحرك للمكبر القياسي;المواد الفيزيائية;MOVING COIL FOR STANDER  AMPLIFIER;الذرة
3/21/553;قاعدة معدنية شكل V;المواد الفيزيائية;V SHAPE BASE;الذرة
3/21/554;قياس طيف الاشعة السينية;المواد الفيزيائية;X-RAY SPECTROMETER;الذرة
3/21/555;جهاز تاثير هول(من الفضة) effect hall;المواد الفيزيائية;EFFECT HALL APPARTUS ( SILVER  );الذرة
3/21/556;جهاز تاثير هول(من النحاس );المواد الفيزيائية;EFFECT HALL APPARTUS (  COPPER );الذرة
3/21/557;قلب حديدي شكل U;المواد الفيزيائية;IRON U SHAPED CORE;الذرة
3/21/558;ملف 250لفة للقالب الحديدي شكل U;المواد الفيزيائية;COIL OF 250 TURNS;الذرة
3/21/559;ملف 1000 لفة للقالب الحديدي شكل U;المواد الفيزيائية;COIL OF 1000 TURNS;الذرة
3/21/560;مجس هول وملحقاته;المواد الفيزيائية;HALL PROBE;الذرة
3/21/561;مجموعة اجزاء القضيب المثقوب;المواد الفيزيائية;DRILLED BAR SET;الذرة
3/21/562;مسجل نتائج (س ص)  xy-recorder;المواد الفيزيائية;XY-RECORDER;الذرة
3/21/563;مصدر تغذية جهدعالي1.5كيلو فولت;المواد الفيزيائية;EHT POWER SUPPLY 1.5 KV;الذرة
3/21/564;مصدر تغذية جهد عالى6 كيلو فولت;المواد الفيزيائية;EHT POWER SUPPLY 6 KV;الذرة
3/21/565;لوحة دائرة الصمام الثنائى;المواد الفيزيائية;DIODE VALVE CIRCUIT;الكهرباء
3/21/566;لوحة دائرة الصمام الثلاثي;المواد الفيزيائية;TRIODE VALVE CIRCUIT;الكهرباء
3/21/567;لوحة دائرة الصمام الرباعي;المواد الفيزيائية;"TETRODE VALVE CIRCUIT 
TETRODE 
TETRODE VALVE CIRCUIT";الكهرباء
3/21/568;لوحة مجملة لاشباه الموصلات;المواد الفيزيائية;SEMICONDUCTORS;الكهرباء
3/21/569;لوحة دائرة الترانزستور كمكبر;المواد الفيزيائية;TRANSISTOR AS AMPLIFIER;الكهرباء
3/21/570;لوحة دائرة الترانزستور كمذبذب;المواد الفيزيائية;TRANSISTOR AS OSCILLATOR;الكهرباء
3/21/571;لوحة دائرة الوصلة الثنائية;المواد الفيزيائية;DIODE CIRCUIT;الكهرباء
3/21/572;لوحة دائرة الرنين;المواد الفيزيائية;RESONANCE CIRCUIT;الكهرباء
3/21/601;اناء زجاجى للعمود البسيط;المواد الفيزيائية;SIMPLE CELL GLASS CUP;الكهرباء
3/21/602;انابيب جسلر على حامل;المواد الفيزيائية;GEISSLER'S TUBE;الكهرباء
3/21/603;انبوب اشعة  اكس مع لوحة استقبال;المواد الفيزيائية;X-RAY TUBE;الكهرباء
3/21/604;انبوبة الاشعة المهبطية;المواد الفيزيائية;CATHODE RAY TUBE;الكهرباء
3/21/605;انبوبة تفريغ بقطبين كاملة;المواد الفيزيائية;DISCHARGE TUBE;الكهرباء
3/21/606;انبوبة تلترون لاثر الالكترونات في المواد;المواد الفيزيائية;TELTRON TUBE;الكهرباء
3/21/607;انبوبة كروكس لبيان التاثيرالحراري لاشعة المهبط;المواد الفيزيائية;HEATING EFFET CROOKES TUBE;الكهرباء
3/21/608;انبوبة تلترون لبيان تاثير المجال الكهربي على حركة الالكترون;المواد الفيزيائية;CATHODE RAY  DEFLECTION TELTRON TUBE;الكهرباء
3/21/609;انبوبة كروكس لانحراف الاشعة بالمجال المغناطيسي;المواد الفيزيائية;MAGNETIC EFFECT CROOKES TUBE;الكهرباء
3/21/610;انبوبة تلترون لبيان انتشار اشعة المهبط في خطوط مستقيمة;المواد الفيزيائية;SHADOW EFFECT TELTRON TUBE;الكهرباء
3/21/611;انبوبة كروكس لبيان انتشار اشعة المهبط في خطوط مستقيمة;المواد الفيزيائية;SHADOW EFFECT CROOKES TUBE;الكهرباء
3/21/612;انبوبة كروكس لبيان الدفع الميكانيكي للاشعة اشعة المهبط;المواد الفيزيائية;MECHANICAL EFFECT CROOKES TUBE;الكهرباء
3/21/613;انبوبة غاز النيون;المواد الفيزيائية;NEON GAS TUBE;الكهرباء
3/21/614;انبوبة مفرغة لبيان المناطق اثناء التفريغ;المواد الفيزيائية;SPECTRUM DISCHARGE TUBE;الكهرباء
3/21/615;بطارية ثانوية للشرح;المواد الفيزيائية;BATTERY;الكهرباء
3/21/616;تلغراف مرسل مورس;المواد الفيزيائية;TRANSMITER MORSE TELEGRAPH;الكهرباء
3/21/617;تلغراف مستقبل;المواد الفيزيائية;RECIEVER TELEGRAPH;الكهرباء
3/21/618;تلغراف مرسل ومستقبل على لوحة;المواد الفيزيائية;TELEGRAPH TRANSMITER AND RECIEVER COMBINED;الكهرباء
3/21/619;تليفون مرسل;المواد الفيزيائية;TELEPHONE TRANSMITER;الكهرباء
3/21/620;تليفون مستقبل;المواد الفيزيائية;TELEPHON RECIEVER;الكهرباء
3/21/621;جرس كهربائي;المواد الفيزيائية;ELECTRIC BELL;الكهرباء
3/21/622;جلفانوسكوب ابرته افقية;المواد الفيزيائية;GALVANOSCOPE WITH HORIZNTAL NEEDL;الكهرباء
3/21/623;جلفانوسكوب ابرته راسية;المواد الفيزيائية;GALVANOSCOPE WITH VERTICAL NEEDL;الكهرباء
3/21/624;جلفانومتر الظل;المواد الفيزيائية;TANGENT GALVANOMETER;الكهرباء
3/21/625;جلفانومتر حساس ذو اتجاهين;المواد الفيزيائية;SENSITVE GALVANOMETER;الكهرباء
3/21/626;جهاز استقبال الموجات الكهرومغناطيسية;المواد الفيزيائية;ELECTROMAGNETIC WAVE  RECIEVER APPARTUS;الكهرباء
3/21/627;جهازارسال الموجات الكهرومغناطيسية;المواد الفيزيائية;ELECTROMAGNETIC WAVE  TRANSMITER APPARTUS;الكهرباء
3/21/628;جهاز اورستيد كامل;المواد الفيزيائية;OERSTED'S APPARTUS;الكهرباء
3/21/629;سللك نحاس معزول قطره.0.9مم;المواد الفيزيائية;COPPER WIRE;الكهرباء
3/21/630;حامل انابيب تلترون كامل بالملفات;المواد الفيزيائية;TELTRON TUBE HOLDER;الكهرباء
3/21/631;خلية كهرو ضوئية;المواد الفيزيائية;PHOTO ELECTRIC CELL;الكهرباء
3/21/632;دينمو صغير للشرح;المواد الفيزيائية;DYNAMO;الكهرباء
3/21/633;سلك للمقاومات;المواد الفيزيائية;RESISTANCE WIRE;الكهرباء
3/21/634;سللك نحاس معزول قطرة 0.3مم;المواد الفيزيائية;COPPER WIRE;الكهرباء
3/21/635;صمام ثنائي;المواد الفيزيائية;DIODE VALVE;الكهرباء
3/21/636;صمام ثلاثي;المواد الفيزيائية;TRIODE VALVE;الكهرباء
3/21/637;صندوق البريد;المواد الفيزيائية;POST OFFICE BOX;الكهرباء
3/21/638;صندوق مقاومات;المواد الفيزيائية;RESISTANCE BOS;الكهرباء
3/21/639;ضاغط للجرس الكهربائي;المواد الفيزيائية;BELL PUSH;الكهرباء
3/21/640;عجلة بارلو;المواد الفيزيائية;BARLOW'S WHELL;الكهرباء
3/21/641;عمود بسيط كامل;المواد الفيزيائية;SIMPLE CELL;الكهرباء
3/21/642;عمود دانيال;المواد الفيزيائية;DANIEL’S CELL;الكهرباء
3/21/643;عمود فولتا;المواد الفيزيائية;VOLTA'S CELL;الكهرباء
3/21/644;عمود لاكلانشية;المواد الفيزيائية;LECHANCHIE’S CELL;الكهرباء
3/21/645;فولتميترللتيار المتردد;المواد الفيزيائية;AC VOLTMETER;الكهرباء
3/21/646;فولتميتر للتيار المستمر;المواد الفيزيائية;DC VOLTMETER;الكهرباء
3/21/647;قطب زنك لعمود دانيال;المواد الفيزيائية;ZINC ROD;الكهرباء
3/21/648;قنطرة هويتستون;المواد الفيزيائية;WEATSTON BRIDGE;الكهرباء
3/21/649;كاشف بللورى للراديو;المواد الفيزيائية;CRYSTAL MICROPHONE;الكهرباء
3/21/650;لوح رصاص;المواد الفيزيائية;LEAD PLATE;الكهرباء
3/21/651;لوح زنك للعمود البسيط;المواد الفيزيائية;ZINC PLATE;الكهرباء
3/21/652;لوح نحاس للعمود البسيط;المواد الفيزيائية;COPPER PLATE;الكهرباء
3/21/653;لوحة ارقام للجرس الكهربائي;المواد الفيزيائية;NUMBERS PLATE OF ELECTRIC BELL;الكهرباء
3/21/654;مافوميتر كامل بمجزءاته ومقاوماته;المواد الفيزيائية;MAVOMETER;الكهرباء
3/21/655;مجموعة اسلاك معدنية;المواد الفيزيائية;METALIC WIRES SET;الكهرباء
3/21/656;محرك كهربائي صغير;المواد الفيزيائية;ELECTRIC MOTOR;الكهرباء
3/21/657;محول كهربائي 110/220فولت;المواد الفيزيائية;POWER TRANSFORMER;الكهرباء
3/21/658;محول كهربائي متدرج;المواد الفيزيائية;MULTITAP TRANSFORMER;الكهرباء
3/21/659;مزدوجة حرارية;المواد الفيزيائية;THERMOCOUPLE;الكهرباء
3/21/660;مغناطيس كهربائي شكل  U;المواد الفيزيائية;ELECTROMAGNET U FORM;الكهرباء
3/21/661;مغناطيس كهربي مستقيم;المواد الفيزيائية;ELECTROMAGNET LINE FORM;الكهرباء
3/21/662;مقاومة ثابتة مختلفة القيمة ;المواد الفيزيائية;CONSTANT RESISTANCE SET;الكهرباء
3/21/663;مقاومة متغيرة ( ريو ستات );المواد الفيزيائية;RHEOSTAT;الكهرباء
3/21/664;مقياس لشدة التيار المتردد( اميتر );المواد الفيزيائية;AC AMMETER;الكهرباء
3/21/665;مقياس لشدة التيار المستمر( اميتر );المواد الفيزيائية;DC AMMETER;الكهرباء
3/21/666;مقياس كهربي متعدد ( افوميتر );المواد الفيزيائية;AVOMETER;الكهرباء
3/21/667;ملف روجيه;المواد الفيزيائية;ROJEH COIL;الكهرباء
3/21/668;ملف  رومكورف;المواد الفيزيائية;RUHMKORFF (INDUCTION COIL);الكهرباء
3/21/669;ملف للمغنطة;المواد الفيزيائية;MAGNETISING COIL;الكهرباء
3/21/670;ملف للتيار المنتج بالتاثير;المواد الفيزيائية;INDUCED CURRENT COIL;الكهرباء
3/21/671;موزع جهد (بتشيو ميتر ) - قنطرة مترية;المواد الفيزيائية;POTENTIOMETER;الكهرباء
3/21/672;هيدرو متر لحامض البطارية;المواد الفيزيائية;BATTERY HYDROMETER;الكهرباء
3/21/673;حامل خلية كهرو ضوئية;المواد الفيزيائية;PHOTO ELECTRIC CELL HOLDER;الكهرباء
3/21/674;لوحة مقاومة معدنية;المواد الفيزيائية;METALLIC RESISTANCE BOARD;الكهرباء
3/21/675;مصدر تغذية تيار متردد ( صفر-20فولت );المواد الفيزيائية;AC POWER SUPPLY;الكهرباء
3/21/676;مصدر تغذية تيار متردد ( صفر -130 فولت);المواد الفيزيائية;AC POWER SUPPLY;الكهرباء
3/21/677;مصدر تغذية تيار مستمر( صفر-5 فولت);المواد الفيزيائية;DC POWER SUPPLY;الكهرباء
3/21/678;مصدر تغذية تيار مستمر( صفر- 12فولت);المواد الفيزيائية;DC POWER SUPPLY;الكهرباء
3/21/679;مصدر تغذية تيار مستمر( صفر- 15 فولت);المواد الفيزيائية;DC POWER SUPPLY;الكهرباء
3/21/680;مصدر تغذية تيار مستمر( صفر-30 فولت);المواد الفيزيائية;DC POWER SUPPLY;الكهرباء
3/21/681;مصدر تغذية تيار مستمر( صفر-300 فولت);المواد الفيزيائية;DC POWER SUPPLY;الكهرباء
3/21/682;لوحة دائرة استيفان للاشعاع;المواد الفيزيائية;STEFAN RADIATION CIRCUIT CHART;الكهرباء
3/21/683;لوحة دائرة الحث الذاتي لملف;المواد الفيزيائية;ONE COIL SUBJECTIVE INDUCED CIRCUIT CHART;الكهرباء
3/21/684;لوحة دائرة  مكثف;المواد الفيزيائية;CAPACITOR CIRCUIT CHART;الكهرباء
3/21/685;لوحة دائرة الحث الذاتي لملفين;المواد الفيزيائية;TWO COIL SUBJECTIVE INDUCED CIRCUIT CHART;الكهرباء
3/21/686;لوحة دائرة الخلية الكهرو ضوئية;المواد الفيزيائية;PHOTO ELECTRIC CELL CIRCUIT CHART;الكهرباء
3/21/687;مقبض عازل يوصل بالمركم ( لونين);المواد الفيزيائية;BATTERY CLIP;الكهرباء
3/21/688;مركم رصاص 6فولت;المواد الفيزيائية;LEED ACCUMULATOR;الكهرباء
3/21/689;مفتاح قاطع طرفين;المواد الفيزيائية;KNIFE SWITH;الكهرباء
3/21/690;ملف اسطواني لولبي من سلك معزول;المواد الفيزيائية;CORKSCREW CYLINDRICAL COIL;الكهرباء
3/21/701;اسطوانة معزولة من الشبة كرية الطرفين;المواد الفيزيائية;BRASS CYLINDERICAL CONDUCTOR;الكهرباء
3/21/702;الة فاندو غراف;المواد الفيزيائية;VAN DE GRAAFF GENERATOR;الكهرباء
3/21/703;الة ويمز هرست;المواد الفيزيائية;WIMSHURT MACHINE;الكهرباء
3/21/704;الواح عازلة;المواد الفيزيائية;INSULATOR PLATES;الكهرباء
3/21/705;بارم كهربي علي حامل;المواد الفيزيائية;ELECTRICAL WHIRL;الكهرباء
3/21/706;جهاز الالكتروفورس;المواد الفيزيائية;ELECTROPHORUS;الكهرباء
3/21/707;دلو فاراداي;المواد الفيزيائية;FARADAY'S PAILS;الكهرباء
3/21/708;شبكة فاراداي على حامل عازل;المواد الفيزيائية;FARADAY'S NET;الكهرباء
3/21/709;قضيب للدلك ( ابونيت );المواد الفيزيائية;FRICTION ROD - EBONITE;الكهرباء
3/21/710;قضيب للدلك ( ابونيت ونحاس اصفر);المواد الفيزيائية;FRICTION ROD - EBONITE AND BRASS;الكهرباء
3/21/711;قضيب للدلك ( بوليثين);المواد الفيزيائية;FRICTION ROD - POLYTHENE;الكهرباء
3/21/712;قضيب للدلك ( زجاج );المواد الفيزيائية;FRICTION ROD - GLASS;الكهرباء
3/21/713;قضيب للدلك (زجاج ونحاس اصفر);المواد الفيزيائية;FRICTION ROD - GLASS AND BRASS;الكهرباء
3/21/714;كرة من الشبة مجوفة معزولة على حامل;المواد الفيزيائية;BRASS SPHERICAL CONDUCTOR ON HOLDER;الكهرباء
3/21/715;كرة من الشبة مجوفة معزولة اعلاها فتحة;المواد الفيزيائية;BRASS SPHERICAL CONDUCTOR WITH HOLE;الكهرباء
3/21/716;كرة من الشبة على حامل يغلفها نصفا كرة;المواد الفيزيائية;BIOTS CONDUCTOR;الكهرباء
3/21/717;كشاف كهربائي اوراقه من الذهب;المواد الفيزيائية;GOLD LEAF ELECTROSCOPE;الكهرباء
3/21/718;كشاف كهربائي بكرتي بيلسان;المواد الفيزيائية;PITH BALL ELECTROSCOPE;الكهرباء
3/21/719;لوح فرنكلين;المواد الفيزيائية;FRANKLIN BOARD;الكهرباء
3/21/720;مانعة صواعق ;المواد الفيزيائية;THUNDERBOLT INHIBITOR;الكهرباء
3/21/721;مخروط معزول من الخشب المغطي بالقصدير;المواد الفيزيائية;CONICAL WOOD COATED WITH METAL;الكهرباء
3/21/722;مخروط من الشبة معزول علي حامل;المواد الفيزيائية;BRASS CONICAL CONDUCTOR ON HOLDER;الكهرباء
3/21/723;مستوى بيد عازلة (بقرص او كرة);المواد الفيزيائية;PROOF PLANE;الكهرباء
3/21/724;مفرغ للشحنة الكهربائية;المواد الفيزيائية;DISCHARGER;الكهرباء
3/21/725;مكثف ايبنوس;المواد الفيزيائية;AEPINUS CONDENSER;الكهرباء
3/21/726;مكثف متغير السعة;المواد الفيزيائية;VARIABLE CONDENSER;الكهرباء
3/21/727;مكثف مستوى من الالومنيوم;المواد الفيزيائية;PLANE CONDENSER;الكهرباء
3/21/728;كاس معدني;المواد الفيزيائية;METALIC JAR;الكهرباء
3/21/729;كرة من النحاس لها حامل من مادة عازلة;المواد الفيزيائية;BRASS SPHERE ON HOLDER;الكهرباء
3/21/730;ابرة معدنية;المواد الفيزيائية;METALIC NEEDLE;الكهرباء
3/21/776;دفتر ورق ذهب;المواد الفيزيائية;GOLD LEAF BOOK;الكهرباء
3/21/777;دفتر ورق قصدير;المواد الفيزيائية;ALUMINUM LEAF BOOK;الكهرباء
3/21/778;دوالك حرير;المواد الفيزيائية;SILK CLOTH PIECES;الكهرباء
3/21/779;دوالك صوف;المواد الفيزيائية;WOOL CLOTH PIECES;الكهرباء
3/21/780;زجاجة ليدن لالة ويمزهرست;المواد الفيزيائية;LEYDEN JAR;الكهرباء
3/21/781;قرص لالة ويمزهرست;المواد الفيزيائية;WIMSHURT MACHINE DISK;الكهرباء
3/21/782;كرات بيلسان;المواد الفيزيائية;PITH BALLS;الكهرباء
3/21/801;ابرة صلب للتمغنط;المواد الفيزيائية;STEEL NEELDE;المغناطيسية
3/21/802;ابرة مغناطيسية ( 7.5 سم);المواد الفيزيائية;MAGNETIC NEEDLES;المغناطيسية
3/21/803;ابرة مغناطيسية ( 10سم);المواد الفيزيائية;MAGNETIC NEEDLES;المغناطيسية
3/21/804;ابرة ميل;المواد الفيزيائية;DIP NEEDLE;المغناطيسية
3/21/805;انبوبة زجاجية مغلقة مملؤة ببرادة حديد;المواد الفيزيائية;CLOSE GLASS TUBE FULL OF IRON FILINGS;المغناطيسية
3/21/806;بوصلة  بحرية;المواد الفيزيائية;MARINER COMPASS;المغناطيسية
3/21/807;بوصلة جيب;المواد الفيزيائية;POCKET COMPASS;المغناطيسية
3/21/808;بوصلة لرسم المجال المغناطيسى;المواد الفيزيائية;PLOTTING COMPASS;المغناطيسية
3/21/809;حامل ابرة مغناطيسية;المواد الفيزيائية;MAGNETIC NEEDLE STAND;المغناطيسية
3/21/810;حجر مغناطيس طبيعى;المواد الفيزيائية;IRON ORE;المغناطيسية
3/21/811;قضيب حديد مطاوع;المواد الفيزيائية;SOFT IRON ROD;المغناطيسية
3/21/812;قضيب صلب غير ممغنط;المواد الفيزيائية;STEEL ROD;المغناطيسية
3/21/813;قضيب (انتيمون - بزموت - نيكل);المواد الفيزيائية;RODS ( ANTIMON - BIZMOS - NICKEL );المغناطيسية
3/21/814;قضيب ممغنط صغير لشرح نظرية الجزيئات;المواد الفيزيائية;TINY MAGNETIC BAR;المغناطيسية
3/21/815;لوح حديد مطاوع;المواد الفيزيائية;SOFT IRON PLATE;المغناطيسية
3/21/816;مغناطومتر الانحراف;المواد الفيزيائية;DEFLECTION MAGNETOMETER;المغناطيسية
3/21/817;مغناطيس بالزوج مع حافظتين ل = 5 سم;المواد الفيزيائية;BAR MAGNETS WITH KEEPERS;المغناطيسية
3/21/818;مغناطيس بالزوج مع حافظتين ل = 10 سم;المواد الفيزيائية;BAR MAGNETS WITH KEEPERS;المغناطيسية
3/21/819;مغناطيس اسطواني;المواد الفيزيائية;CYLINDERCAL MAGNET;المغناطيسية
3/21/820;مغناطيس حذاء الفرس مع حافظة;المواد الفيزيائية;HORSESHOE MAGNET WITH KEEPER;المغناطيسية
3/21/821;مغناطيس روبسون ل 20 سم;المواد الفيزيائية;ROBISON MAGNET;المغناطيسية
3/21/822;مغناطيس روبسون ل 30 سم;المواد الفيزيائية;ROBISON MAGNET;المغناطيسية
3/21/823;نموذج معدني للكرة الارضية مع حامل ومغناطيس;المواد الفيزيائية;METALLIC EARTH MODEL WITH MAGNET;المغناطيسية
3/21/876;برادة حديد نصف خشنة;المواد الفيزيائية;IRON FILINGS;المغناطيسية
3/21/877;خيط حرير محلول للتعليق;المواد الفيزيائية;SILK FIBER;المغناطيسية
3/21/878;خيط نيلون رفيع للتعليق;المواد الفيزيائية;NYLON FIBER;المغناطيسية
3/21/901;الة اتود عادية;المواد الفيزيائية;ATWOOD'S MACHINE;الميكانيكا
3/21/902;الة اتود شريطية;المواد الفيزيائية;ATWOOD'S MACHINE - TICKER TAPE;الميكانيكا
3/21/903;انبوبة سقوط في الفراغ;المواد الفيزيائية;FREE FALL APPARATUS;الميكانيكا
3/21/904;بكرة مفردة بخطاف;المواد الفيزيائية;SINGLE PULLEY WITH ONE HOOK;الميكانيكا
3/21/905;بكرة مفردة بخطافين;المواد الفيزيائية;SINGLE PULLEY WITH TOW HOOK;الميكانيكا
3/21/906;بكرة مفردة لتثبيتها في نهاية المستوى;المواد الفيزيائية;BENCH CLAMP FITTING PULLEY;الميكانيكا
3/21/907;بكرة ثلاثية على محور واحد متساوية الاقطار;المواد الفيزيائية;EQUAL  TRIPLE PULLEYS ON SINGLE AXIS;الميكانيكا
3/21/908;بكرة ثلاثية على محور واحد مختلفة الاقطار;المواد الفيزيائية;DIFFERENTIAL TRIPLE PULLEYS ON SINGLE AXIS;الميكانيكا
3/21/909;بكرة ثلاثية على مستوى واحد مختلفة الاقطار;المواد الفيزيائية;DIFFERENTIAL TRIPLE PULLEYS IN LINE;الميكانيكا
3/21/910;بكرة مزدوجة على محور واحد متساويتا القطر;المواد الفيزيائية;EQUAL DOUBLE PULLEYS ON SINGLE AXIS;الميكانيكا
3/21/911;بكرة مزدوجة على محور واحد مختلفتا القطر;المواد الفيزيائية;DIFFERENTIAL DOUBLE PULLEYS ON SINGLE AXIS;الميكانيكا
3/21/912;بندول ايقاع ( مترونوم  );المواد الفيزيائية;METRONOME;الميكانيكا
3/21/913;تروس;المواد الفيزيائية;GEARS;الميكانيكا
3/21/914;ثقل كرى بخطاف;المواد الفيزيائية;SPHERICAL MAAS WITH HOOK;الميكانيكا
3/21/915;ثقل مخروطي بخطاف;المواد الفيزيائية;CONICAL MASS WITH HOOK;الميكانيكا
3/21/916;ثقل مشقوق بخطاف حمل;المواد الفيزيائية;SLOTTED MASS WITH HOOK;الميكانيكا
3/21/917;جرس توقيت شريطي;المواد الفيزيائية;TICKER TAPE TIMER;الميكانيكا
3/21/918;جهاز التروس;المواد الفيزيائية;GEAR MACHINE;الميكانيكا
3/21/919;جهاز السيور والدواليب;المواد الفيزيائية;BELT AND PULLEY INSTRUMENT;الميكانيكا
3/21/920;جهاز تعيين عزم القوة والازدواج;المواد الفيزيائية;FORCE TABLE;الميكانيكا
3/21/921;جهاز يونج لايجاد معامل المرونة;المواد الفيزيائية;YOUNG'S APPARATUS;الميكانيكا
3/21/922;حلقات ذات ساق لولبية;المواد الفيزيائية;CLAMPS;الميكانيكا
3/21/923;خزان التموجات;المواد الفيزيائية;RIPPLE TANKE;الميكانيكا
3/21/924;دواليب صغيرة لاستخدامها في لعبة الميكانو;المواد الفيزيائية;SMALL WHEEL;الميكانيكا
3/21/925;دينامومتر طاقة 10 نيوتن;المواد الفيزيائية;DYNAMOMETER;الميكانيكا
3/21/926;دينامومتر طاقة 100نيوتن;المواد الفيزيائية;DYNAMOMETER;الميكانيكا
3/21/927;دينامومتر طاقة 1000نيوتن;المواد الفيزيائية;DYNAMOMETER;الميكانيكا
3/21/928;ساعة ايقاف;المواد الفيزيائية;STOP CLOCK;الميكانيكا
3/21/929;سلك لولبي زنبركي (نابض);المواد الفيزيائية;SPRING WIRE;الميكانيكا
3/21/930;سلك نحاس عادي ق=0,5 مم;المواد الفيزيائية;COPPER WIRE;الميكانيكا
3/21/931;سلك نحاس عادي =0,1 مم;المواد الفيزيائية;COPPER WIRE;الميكانيكا
3/21/932;صاروخ مائي ;المواد الفيزيائية;WATER ROCKET;الميكانيكا
3/21/933;عربة ذات اربع دواليب ;المواد الفيزيائية;CART WITH FOUR WHEEL;الميكانيكا
3/21/934;عربة ذات اربع دواليب كبيرة;المواد الفيزيائية;LARGE CART WITH FOUR WHEEL;الميكانيكا
3/21/935;عربة صغيرة من لعب الاطفال;المواد الفيزيائية;TOY CART;الميكانيكا
3/21/936;عربة فلتشر كاملة;المواد الفيزيائية;FLECTCHER'S CART;الميكانيكا
3/21/937;قطعة خشب مع حلقة مثبته بطرفها;المواد الفيزيائية;PIECE  OF WOOD WITH RING;الميكانيكا
3/21/938;كرة قطرها 3 سم بلاستيك;المواد الفيزيائية;PLASTIC  BALL;الميكانيكا
3/21/939;كرة قطرها 3 سم معدنية;المواد الفيزيائية;METALIC BALL;الميكانيكا
3/21/940;كفة بكاليت;المواد الفيزيائية;SCALE PAN - PLASTIC;الميكانيكا
3/21/941;كفة معدنية;المواد الفيزيائية;SCALE PAN - STEEL;الميكانيكا
3/21/942;لوحات مركز الثقل;المواد الفيزيائية;PARALLELOGRAM OF FORCES APPARATUS;الميكانيكا
3/21/943;لوحة من الخشب لمضلع القوى كاملة;المواد الفيزيائية;POLYGON OF FORCES CONVERSION SET;الميكانيكا
3/21/944;محور معدني طولة 10سم لادخاله في الدواليب;المواد الفيزيائية;METALIC AXIS;الميكانيكا
3/21/945;مستوى مائل كامل;المواد الفيزيائية;INCLINED PLANE;الميكانيكا
3/21/946;ميزان تسوية;المواد الفيزيائية;COMPOSITION BALANCE;الميكانيكا
3/21/947;نماذج كبيرة لبعض الاليات;المواد الفيزيائية;BIG MODEL OF AUTOMATION;الميكانيكا
3/21/948;عربة ميكانكية صغيرة;المواد الفيزيائية;SMALL MECHANICAL CART;الميكانيكا
3/21/949;حلقات معدنية مختلفة الاقطار;المواد الفيزيائية;METALIC RING;الميكانيكا
3/21/950;صفيحة من البولارويد;المواد الفيزيائية;POLAROID FILM;كهرباء
3/21/951;اسطوانة معدنية فارغة;المواد الفيزيائية;CYLINDERICAL METAL;الميكانيكا
3/21/952;لوح خشب ناعم السطح;المواد الفيزيائية;SMOOTH  WOOD PLATE;الميكانيكا
3/21/953;لوح خشب خشن السطح;المواد الفيزيائية;ROUGH WOOD PLATE;الميكانيكا
3/21/954;سلك نيكل كروم رفيع;المواد الفيزيائية;NICKEL-CHROMIUM WIRE;الميكانيكا
3/21/955;سير الة فاندوغراف;المواد الفيزيائية;VAN DE GRAAFF BELT;كهرباء
3/21/956;نموذج الة البرق;المواد الفيزيائية;LIGHTNING INSTRUMENT MODEL;كهرباء
3/21/957;اثقال 200 جم;المواد الفيزيائية;WEIGHTS;الميكانيكا
3/21/958;صفيحة من الخارصين;المواد الفيزيائية;ZINC PLATE;كهرباء
3/21/959;مفتاح كهربي اتجاه واحد;المواد الفيزيائية;ONE WAY ELECTRIC SWITCH;كهرباء
3/21/960;مفتاح كهربائي بسيط;المواد الفيزيائية;SIMPLE ELECTRIC SWITCH;كهرباء
3/21/961;مقياس حرارة حائطي;المواد الفيزيائية;WALL THERMOMETER;كهرباء
3/21/962;الواح متعددة الاغراض;المواد الفيزيائية;BOARDS;كهرباء
3/21/963;الازدواج الحراري;المواد الفيزيائية;THERMOCOUPLE;كهرباء
3/22/001;جهاز قياس ضغط الدم;الاحياء;SPHYGNOMANO METER;اجهزة
3/22/002;نموذج فم البعوض;الاحياء;MOSQUITO MOUTH MODEL;نماذج
3/22/003;نموذج الاسنان;الاحياء;HUMAN TEETH MODEL;نماذج
3/22/004;مقلاة;الاحياء;FRYER;احياء
3/22/101;ادوات تشريح;الاحياء;DISSECTING SET;ادوات
3/22/102;انابيب زجاجية رفيعة 8 مم;الاحياء;THIN GLASS TUBE;ادوات
3/22/103;اوتوكلاف;الاحياء;AUTOCLAVE;اجهزة
3/22/104;بذور شعير;الاحياء;CORN SEED;عينات
3/22/105;بذور لاكبر عدد ممكن من المحاصيل;الاحياء;GENERAL SEED SET;عينات
3/22/106;بوتاجاز بالاسطوانة;الاحياء;BURNER WITH CARTRIGE;اجهزة
3/22/107;جهاز البوتومتر;الاحياء;FARMER POTOMETER;اجهزة
3/22/108;جهاز التركيب الضوئي في النبات;الاحياء;POTOMETER AND ATMOMETER;اجهزة
3/22/109;جهاز التنافذ ( الانتشار الغشائي );الاحياء;OSMOSIS APPARATUS;اجهزة
3/22/110;جهاز الحركات التنفسية في الانسان;الاحياء;RESPIRATION APPARATUS;اجهزة
3/22/111;جهاز تسجيل انقباض العضلة;الاحياء;KYMOGRAPH;اجهزة
3/22/112;جهاز تقدير الحموضة;الاحياء;PH METER;اجهزة
3/22/1125;صندوق شفاف لحفظ عينات الحشرات بعدسة;الاحياء;OBSERVATION VIEWER BOX WITH MAGNIFIER;ادوات
3/22/113;جهاز تنبيه كهربائي;الاحياء;STIMULATOR;اجهزة
3/22/114;جهاز ديكسون لنظرية التماسك في صعود العصارة;الاحياء;RESPIROMETER;اجهزة
3/22/115;جهاز صنع الثلج;الاحياء;ICE MAKER;اجهزة
3/22/116;جهاز طرد مركزي;الاحياء;CENTRIFUGE;اجهزة
3/22/1166;اطباق بتري زجاجية;الاحياء;PETRI DISH;ادوات
3/22/1167;اطباق بتري بلاستيك;الاحياء;PETRI DISHES;ادوات
3/22/117;جهاز قياس التنفس في النبات;الاحياء;RESPIROMETER;اجهزة
3/22/118;جهاز قياس درجة خلط اللبن بالماء;الاحياء;LACTOMETER;اجهزة
3/22/1180;مجهر مركب احادي العينية كهربائي;الاحياء;MONOCULAR MICROSCOPE;اجهزة
3/22/119;حاضنة (درجة الحرارة الى 80درجة مئوية );الاحياء;INCUBATOR;اجهزة
3/22/120;حاضنة من 80 : 200 درجة مئوية;الاحياء;INCUBATOR;اجهزة
3/22/121;حمام مائي ثابت الحرارة;الاحياء;THERMOSTATIC WATER PATH;اجهزة
3/22/122;حوض لجمع او حفظ العينات ( اكواريوم );الاحياء;AQUARIUM;اجهزة
3/22/123;شبكة لاصطياد الحشرات;الاحياء;INSECT NET;ادوات
3/22/124;صلابة لتصبير الحشرات;الاحياء;INSECT SPREADING BOARD;ادوات
3/22/1249;حوض انبات;المواد الفيزيائية;SEEDS GROW BOX;ادوات
3/22/125;صندوق بوجه زجاج لجمع العينات النباتية;الاحياء;BOX WITH GLASS FACE;ادوات
3/22/126;صندوق لزراعة الشتلات;الاحياء;GROWTH CHAMBER;ادوات
3/22/127;صندوق لحفظ الشرائح المجهرية;الاحياء;MICROSCOPE SLIDE BOX;ادوات
3/22/128;طبق بترى بلاستيك 100× 15 مم;الاحياء;PETRI DISHES;ادوات
3/22/129;طبق بترى بلاستيك 100× 20 مم;الاحياء;PETRI DISHE;ادوات
3/22/130;طبق تشريح;الاحياء;DISSECTING DISHE;ادوات
3/22/131;طقم كامل لفحص نوع الدم;الاحياء;BLOOD RECOGNISE KIT;ادوات
3/22/132;عداد مستعمرات;الاحياء;COLONY COUNTER;ادوات
3/22/133;عدسة تشريح;الاحياء;DISSECTING MAGNIFIER;ادوات
3/22/134;عدسة تكبير يدوية;الاحياء;HAND HELD MAGNIFIER;ادوات
3/22/135;عدسة جيب;الاحياء;POCKET MAGNIFIER;ادوات
3/22/136;كوز ذرة لدراسة قانون مندل الاول;الاحياء;GENETIC CORN MODEL;نماذج
3/22/137;عصارة مخروطية;الاحياء;CONICAL SQUEEZE;ادوات
3/22/138;غرفة نقل كاملة بلمبة اشعة فوق بنفسجية;الاحياء;TRANSFER CHAMBER;اجهزة
3/22/139;فرن من 70 : 200 درجة مئوية;الاحياء;OVEN;اجهزة
3/22/140;قاعدة تسخين لصندوق الشتلات;الاحياء;HEATTING BASE UNIT;ادوات
3/22/141;قدر عادي;الاحياء;COOKER;ادوات
3/22/142;قدر كاتم;الاحياء;PRESSURE COOKER;ادوات
3/22/143;قدر مزدوج الجدران;الاحياء;DOUBLE  WALL COOKER;ادوات
3/22/144;قطارات مختلفة المقاسات;الاحياء;PIPETTES;ادوات
3/22/145;قلم شمع;الاحياء;WAX PIN;ادوات
3/22/146;كلينوستات;الاحياء;CLINOSTAT;اجهزة
3/22/147;لاكتوميتر;الاحياء;LACTOMETER;اجهزة
3/22/148;لمبات اشعة فوق بنفسجية;الاحياء;ULTRA VIOLET (UV) LAMPS;اجهزة
3/22/149;لوحة خشبية للتشريح;الاحياء;DISSECTING BOARD;ادوات
3/22/1490;مجموعة شرائح مجهر?ة محضرة ( 25 شريحة );الاحياء;PREPARED SLIDES SET;شرائح مجهرية
3/22/150;ماكينة ايس كريم يدوية;الاحياء;HANDEY ICE CREAM MACHINE;اجهزة
3/22/151;ماكينة ايس كريم كهربائية;الاحياء;ELECTRIC ICE CREAM MACHINE;اجهزة
3/22/1514;عينة محفوظة لاسفنج البحر;الاحياء;SEA SPONGE;عينات محفوظة
3/22/1515;عينة محفوظة للدودة الشريطية;الاحياء;TAPEWORM;عينات محفوظة
3/22/1516;مجموعة حشرات محفوظة في قوالب بلاستيك ( مجموعة من 4 );الاحياء;ACRYLIC SPECIMEN INSECTS;عينات محفوظة
3/22/152;ماكينة قفل العلب الصفيح;الاحياء;TIN CAN CLOSING MACHINE;اجهزة
3/22/1524;عينة محفوظة للعقرب;الاحياء;SCORPION;عينات محفوظة
3/22/153;ماكينة قفل العلب الورقية;الاحياء;PAPER CAN CLOSING MACHINE;اجهزة
3/22/154;ماكينة لحام الاكياس;الاحياء;IMPULSE SEALER;اجهزة
3/22/155;مجهر بسيط للتشريح;الاحياء;DISSECTING MICROSCOPE;اجهزة
3/22/156;مجهر مركب ثنائي العينية;الاحياء;BINOCULAR MICROSCOPE;اجهزة
3/22/157;مجهر مركب داخل صندوق;الاحياء;BINOCULAR MICROSCOPE IN BOX;اجهزة
3/22/158;مرشحات دقيقة الثقوب;الاحياء;SIEVES;ادوات
3/22/159;مسخن غمر ثابت الحرارة;الاحياء;THERMO STIRRER;اجهزة
3/22/160;مفرمة لحم;الاحياء;MEAT CHOPPER;اجهزة
3/22/161;مقياس ضغط المعلبات;الاحياء;CANS PRESSURE METER;اجهزة
3/22/162;موس لعمل الشرائح;الاحياء;RAZOR;ادوات
3/22/163;ميكروتوم;الاحياء;MICROTOME;اجهزة
3/22/164;ميزان عادى بكفة واحدة;الاحياء;LEVER BALANCE;اجهزة
3/22/165;ناقوس زجاجي او بلاستيك;الاحياء;GLASS BELL JAR;ادوات
3/22/166;نباتات زينة داخلية;الاحياء;INDOOR PLANTS;عينات
3/22/167;نباتات زينة خارجية;الاحياء;OUTDOOR PLANTS;عينات
3/22/168;نموذج القفص الصدري والرئتين;الاحياء;THORACIC BONES AND LUNG MODEL;نماذج
3/22/169;هيدورمتر بركس او بالنج يقيس الى 35 %;الاحياء;PREX OR BALANG HYDROMETER;اجهزة
3/22/170;هيدورمتر بركس او بالنج يقيس الى 75 %;الاحياء;PREX OR BALANG HYDROMETER;اجهزة
3/22/171;هيدرومتر بوميه يقيس الى 20 بوميه;الاحياء;BEAUME'S HYDROMETER;اجهزة
3/22/1715;نموذج نصف إنسان;الاحياء;HUMAN BODY SEXLESS TORSO MODEL;نماذج
3/22/1716;نموذج مجسم مشرح لسمكة البلطي;الاحياء;MODEL FISH DISSECTION;نماذج
3/22/1717;نموذج مجسم للدماغ;الاحياء;BRAIN MODEL;نماذج
3/22/1718;نموذج لمقطع طولي لزهرة نموذجية من ذوات الفلقتين;الاحياء;MODEL TYPICAL FLOWER V.S. DICOT;نماذج
3/22/172;هيدرومتر بوميه يقيس الى 72 بوميه;الاحياء;BEAUME'S HYDROMETER;اجهزة
3/22/173;ورق مشبع بمحلول الفنيل ثيوكارباميد;الاحياء;PHENYL THIOCARBAMID PAPER (PTC PAPER );ادوات
3/22/174;مجهر ثلاثي العينية ( عرض);الاحياء;TRINOCULAR MICROSCOPE;اجهزة
3/22/175;جهاز جانونج (بوتوميتر);الاحياء;GANONG'S POTOMETER;اجهزة
3/22/176;ادوات توضح مفهوم الوراثة مجموعة ا;الاحياء;TOOLS DEMONSTRATE CONCEPT OF HEREDITY;نماذج
3/22/177;ادوات توضح مفهوم الوراثة مجموعة ب;الاحياء;TOOLS DEMONSTRATE CONCEPT OF HEREDITY;نماذج
3/22/178;ادوات توضح مفهوم الوراثة مجموعة ج;الاحياء;TOOLS DEMONSTRATE CONCEPT OF HEREDITY;نماذج
3/22/179;ادوات توضح مفهوم الوراثة مجموعة د;الاحياء;TOOLS DEMONSTRATE CONCEPT OF HEREDITY;نماذج
3/22/201;ابر تلقيح;الاحياء;INOCULATING NEEDLE;ادوات
3/22/202;اسلاك تلقيح;الاحياء;INOCULATING WIRE;ادوات
3/22/203;حلقات تلقيح;الاحياء;INOCULATING LOOPS;ادوات
3/22/204;مقبض لابر التلقيح;الاحياء;INOCULATING NEEDLE HANDLE;ادوات
3/22/205;اسمدة عضوية;الاحياء;ORGANIC MANURE;عينات
3/22/206;اسمدة كيميائية;الاحياء;CHEMICAL FERTILIZER;عينات
3/22/207;اطباق صيني بيضاء مسطحة;الاحياء;WHITE PORCELAIN DISHES;ادوات
3/22/208;اكياس بلاستيك;الاحياء;PLASTIC BAGS;ادوات
3/22/209;امشاط ( حامل امشاط متعددة );الاحياء;GARDEN RAKE;ادوات
3/22/210;امشاط ( شوكة حديقة );الاحياء;GARDEN FORK;ادوات
3/22/211;اوعية تخليل;الاحياء;WIDE NECK BOTTLE;ادوات
3/22/212;برطمان زجاجي سعة 250مل;الاحياء;GLASS BOTTLE;ادوات
3/22/213;برطمان زجاجي سعة 500 مل ، 2لتر ، 5 لتر;الاحياء;GLASS BOTTLE;ادوات
3/22/214;بيتموس;الاحياء;PEAT MOSS;عينات
3/22/215;حبال;الاحياء;ROPES;ادوات
3/22/216;رشاشات ماء;الاحياء;WATER SPRAYER;ادوات
3/22/217;رشاشات مبيدات حشرية;الاحياء;SPRAYER;ادوات
3/22/218;سكاكين بطول نصل 12 سم;الاحياء;KNIFE;ادوات
3/22/219;سكاكين بطول نصل 15 سم;الاحياء;KNIFE;ادوات
3/22/220;سكاكين بطول نصل 30 سم;الاحياء;KNIFE;ادوات
3/22/221;سلة سلك;الاحياء;WIRE BASKET;ادوات
3/22/222;شقارف ( محشات );الاحياء;PRUNING KNIFE;ادوات
3/22/223;شمع وخيوط رافيا;الاحياء;WAX AND  RAFFIA FIBER;ادوات
3/22/224;شواخص;الاحياء;GARDEN STAKE;ادوات
3/22/225;شوك;الاحياء;GARDENFORK;ادوات
3/22/226;صواني سلق;الاحياء;PARBOIL  TRAYS;ادوات
3/22/227;غرافة الماني;الاحياء;GERMAN SCOOP;ادوات
3/22/228;غرافة سحب;الاحياء;SCOOP;ادوات
3/22/229;عفارة مبيدات حشرية;الاحياء;GARDEN DUSTER;ادوات
3/22/230;علب بسلة  نمرة  2.5;الاحياء;PEA CAN;ادوات
3/22/231;فتاحة علب;الاحياء;CANS OPENER;ادوات
3/22/232;فيرميكيوليت;الاحياء;VERMICULITE;اجهزة
3/22/233;قماش شاش خشن;الاحياء;ROUGH CHEESECLOTH;ادوات
3/22/234;قماش شاش ناعم;الاحياء;SMOOTH CHEESECLOTH;ادوات
3/22/235;قمع تعبئة معدن;الاحياء;FILLING METALIC FUNNEL;ادوات
3/22/236;مراكن ( اصص ) مقاسات مختلفة;الاحياء;PLANT POTS;ادوات
3/22/237;مصباح ضوئي على حامل;الاحياء;LAMP ON HOLDER;اجهزة
3/22/238;مصفاة شاي كبيرة;الاحياء;TEA SIEVE;ادوات
3/22/239;مصفاة لهرس الطماطم;الاحياء;SIEVE;ادوات
3/22/240;مطواة تطعيم;الاحياء;GRAFT KNIFE;ادوات
3/22/241;مقصات تقليم;الاحياء;PARING SECATUERS;ادوات
3/22/242;مقصات تقليم الحواف;الاحياء;SHEARS;ادوات
3/22/243;مقصات تقليم السوق;الاحياء;SECATUERS;ادوات
3/22/244;مكايل;الاحياء;MEASURE;ادوات
3/22/245;ملاعق تعبئة الزجاجات;الاحياء;TRULLA;ادوات
3/22/246;ملاعق خشبية;الاحياء;WOODEN SPOON;ادوات
3/22/247;ملاعق معدنية;الاحياء;METALIC SPOON;ادوات
3/22/248;ورق تقدير الحموضة - دليل عام;الاحياء;PH TEST PAPER;ادوات
3/22/301;ش . ح  للبدائيات مجتمعة;الاحياء;MIXED PROTOZOA;شرائح مجهرية
3/22/302;ش. ح  للاسكارس - مقاطع من الرحم;الاحياء;ِASCARIS SECTION IN OVARY;شرائح مجهرية
3/22/303;ش . ح  للامعاء الدقيقة في الانسان - ق.ع;الاحياء;SMALL INTESTINE T S;شرائح مجهرية
3/22/304;ش. ح  لاميبا بروتيرس;الاحياء;AMOEBA PROTEUS;شرائح مجهرية
3/22/305;ش. ح  لاميبا الزحار;الاحياء;ENTAMOEBA HISTOLYTICA;شرائح مجهرية
3/22/306;ش. ح  لاميبا الزحار - تكوين الكيس الجنيني;الاحياء;ENTAMOEBA HISTOLYTICA: CYSTS WITH NUCLEI;شرائح مجهرية
3/22/307;ش. ح  لاميبا القولون;الاحياء;ENTAMOEBA COLI;شرائح مجهرية
3/22/308;ش. ح  لانقسام الخلية;الاحياء;CELL DIVISION;شرائح مجهرية
3/22/309;ش. ح  للانكلستوما - ذكر وانثى;الاحياء;ANCYLOSTOMA, MALE AND FEMALE;شرائح مجهرية
3/22/310;ش. ح  للبعوضة - اجزاء الفم;الاحياء;MOSQUITO, MOUTH PARTS;شرائح مجهرية
3/22/311;ش. ح  لبعوضة الانوفيليس - بيضة;الاحياء;ANOPHELES -  EGG;شرائح مجهرية
3/22/312;ش. ح  لبعوضة الانوفيليس - يرقة;الاحياء;ANOPHELES - LARVA;شرائح مجهرية
3/22/313;ش. ح  لبعوضة الانوفيليس - عذراء;الاحياء;ANOPHELES -  PUPA;شرائح مجهرية
3/22/314;ش. ح  لبعوضة الانوفيليس - ذكر بالغ;الاحياء;ANOPHELES -  ADULT MALE;شرائح مجهرية
3/22/315;ش. ح  لبعوضة الانوفيليس - انثى بالغة;الاحياء;ANOPHELES -  ADULT FEMALE;شرائح مجهرية
3/22/316;ش. ح  لبعوضة الكيولكس -  بيضة;الاحياء;CULEX -  EGG;شرائح مجهرية
3/22/317;ش. ح  لبعوضة الكيولكس -  يرقة;الاحياء;CULEX - LARVA;شرائح مجهرية
3/22/318;ش. ح  لبعوضة الكيولكس - عذراء;الاحياء;CULEX -  PUPA;شرائح مجهرية
3/22/319;ش. ح  لبعوضة الكيولكس - ذكر بالغ;الاحياء;CULEX -  ADULT MALE;شرائح مجهرية
3/22/320;ش. ح  لبعوضة الكيولكس - انثى بالغة;الاحياء;CULEX -  ADULT FEMALE;شرائح مجهرية
3/22/321;ش. ح  لبلازموديوم الملاريا - دور حلقي  و الخلايا المولدة;الاحياء;PLASMODIUM FOLCIPARUM  - RING STAGES AND GAMETOCYTES;شرائح مجهرية
3/22/322;ش. ح  لبلازموديوم الملاريا الرباعية -  تروفوزيت;الاحياء;PLASMODIUM  MALARIA - TROPHOZOITES;شرائح مجهرية
3/22/323;ش. ح  لبلازموديوم الملاريا الثلاثية - سبوروزويت;الاحياء;PLASMODIUM MALARIA - SPOROZOITES;شرائح مجهرية
3/22/325;ش. ح  لبلاناريا;الاحياء;PLANARIA W.M. SHOWING NERVE FIBERS;شرائح مجهرية
3/22/326;ش. ح  للبلهارسيا  - ذكر و انثى بالغين;الاحياء;SCHISTOSOMA (BILHARZIA) - MALE AND FEMALE;شرائح مجهرية
3/22/327;ش. ح  للبلهارسيا  المجاري البولية - البيض;الاحياء;SCHISTOSOMA (BILHARZIA) - HAEMATOBIUM (EGG);شرائح مجهرية
3/22/328;ش. ح  للبلهارسيا المستقيم - البيض;الاحياء;SCHISTOSOMA (BILHARZIA) - MANSONI;شرائح مجهرية
3/22/329;ش. ح  للبلهارسيا - السركاريا;الاحياء;SCHISTOSOMA (BILHARZIA) - CERCARIE;شرائح مجهرية
3/22/330;ش. ح  للتريبانوسوم;الاحياء;TRYPANOSOME;شرائح مجهرية
3/22/331;ش. ح  لخلية حيوانية;الاحياء;ANIMAL CELL;شرائح مجهرية
3/22/332;ش. ح  حيوانية لخلايا الدم - الانسان;الاحياء;HUMAN BLOOD CELL'S;شرائح مجهرية
3/22/333;ش. ح  لخلايا طلائية من فم الانسان;الاحياء;"EPITHELIAL CELLS FROM HUMAN MOUTH
EPITHELIAL CELLS FROM HUMAN MOUTH
EPITHELIAL CELLS FROM HUMAN MO";شرائح مجهرية
3/22/334;ش. ح  لدم ضفدع;الاحياء;FROG BLOOD;شرائح مجهرية
3/22/335;ش. ح  لدودة كبدية;الاحياء;LIVER FLUKE;شرائح مجهرية
3/22/336;ش. ح  لصرصور - اجزاء الفم;الاحياء;PERIPLANETA: (COCKROACH), MOUTH PARTS;شرائح مجهرية
3/22/337;ش. ح  لضفدعة - بيض;الاحياء;FROG - EGG;شرائح مجهرية
3/22/338;ش. ح  لضفدعة - جلد;الاحياء;FROG - SKIN, SECTION;شرائح مجهرية
3/22/339;ش. ح  لعقدة عصبية;الاحياء;SYMPATHETIC GANGLION;شرائح مجهرية
3/22/340;ش. ح  لدودة شريطية;الاحياء;TAENIA PISIFORMIS, W.M;شرائح مجهرية
3/22/341;ش. ح  لعضلة قلبية - جدار بطين;الاحياء;CARDIAC MUSCLE;شرائح مجهرية
3/22/342;ش. ح  لعضلة مخططة  ق.ط;الاحياء;SKELETAL (STRIATED) MUSCLE  LS;شرائح مجهرية
3/22/343;ش. ح  لامعاء الارنب او الضفدع   ق.ع;الاحياء;INTESTINE (FROG OR RABBIT)  CS;شرائح مجهرية
3/22/344;ش. ح لخصية حيوان   ق.ع;الاحياء;TESTIS OR OVARY (IN ANIMALS)  CS;شرائح مجهرية
3/22/345;ش. ح  لدودة الارض   ق.ع;الاحياء;EARTH WORM  CS;شرائح مجهرية
3/22/346;ش. ح  لعظم كثيف   ق.ع;الاحياء;THICKLY BONE  CS;شرائح مجهرية
3/22/347;ش. ح  للغدة الدرقية   ق.ع;الاحياء;THYROID  GLAND  CS;شرائح مجهرية
3/22/348;ش. ح  لغضروف   ق.ع;الاحياء;CARTILAGE  CS;شرائح مجهرية
3/22/349;ش. ح  ق.ع للقصبة الهوائية للارنب;الاحياء;TRACHEA (RABBIT)  CS;شرائح مجهرية
3/22/350;ش. ح  ق.ع لمبيض حيوان;الاحياء;ِANIMAL OVARY  CS;شرائح مجهرية
3/22/351;ش. ح  ق.ع لمريء ارنب;الاحياء;ESOPHAGUS (RABBIT)  CS;شرائح مجهرية
3/22/352;ش. ح  ق.ع للهيدرا;الاحياء;HYDRA  CS;شرائح مجهرية
3/22/353;ش. ح  لنخاع شوكي لحيوان لبون - مقطع;الاحياء;SPINAL CORD OF A CAT, SECTION;شرائح مجهرية
3/22/354;ش. ح  لنسيج دهني;الاحياء;FAT TISSUE;شرائح مجهرية
3/22/355;ش. ح  لنسيج عصبي;الاحياء;NERVOUS TISSUE;شرائح مجهرية
3/22/401;ش. ن  للاشنة;الاحياء;LICHEN;شرائح مجهرية
3/22/402;ش. ن  لانابيب لقاح نبات ذي فلقة واحدة - ق.ط;الاحياء;POLLEN TUBES, MONOCOT PLANT  LS;شرائح مجهرية
3/22/403;ش. ن  للبكتريا - انواعها واشكالها;الاحياء;BACTERIA, TYPES AND FORMS;شرائح مجهرية
3/22/404;ش. ن  لجذر نبات فلقة واحدة - ق.ع;الاحياء;MONOCOT ROOT  CS;شرائح مجهرية
3/22/405;ش. ن  لجذر نبات فلقتين - ق.ع;الاحياء;DICOT ROOT  CS;شرائح مجهرية
3/22/406;ش. ن  لجذر يوضح النمو الثانوي - ق.ع;الاحياء;ROOT, SECONDARY GROWTH  CS;شرائح مجهرية
3/22/407;ش. ن  لخلايا القشرة الداخلية في البصل;الاحياء;ONION INTERNAL SHELL CELLS;شرائح مجهرية
3/22/408;ش. ن  للخميرة;الاحياء;YEAST;شرائح مجهرية
3/22/409;ش. ن  للراديولاريا;الاحياء;RADIOLARIA;شرائح مجهرية
3/22/410;ش. ن  لساق حديث مع الحزم - ق.ع;الاحياء;YOUNG STEM, WITH BUNDLES  CS;شرائح مجهرية
3/22/411;ش. ن  لساق نبات فلقة واحدة - ق.ع;الاحياء;STEM, MONOCOT  CS;شرائح مجهرية
3/22/412;ش. ن  لساق نبات فلقتين - ق.ع;الاحياء;STEM, DICOT   CS;شرائح مجهرية
3/22/413;ش. ن  لطحلب اوسيلاتوريا;الاحياء;OSCILLATORIA ALGAE;شرائح مجهرية
3/22/414;ش. ن  لطحلب جلاسيلارا;الاحياء;GRACILARIA ALGAE;شرائح مجهرية
3/22/415;ش. ن  لطحلب الجليديوم;الاحياء;GELIDIUM ALGAE;شرائح مجهرية
3/22/416;ش. ن  لطحلب دياتومات;الاحياء;DIATOMS ALGAE;شرائح مجهرية
3/22/417;ش. ن  لطحلب رودبمينيا;الاحياء;RHODYMENIA ALGAE;شرائح مجهرية
3/22/418;ش. ن  لطحلب سبيروجيرا;الاحياء;SPIROGYRA ALGAE;شرائح مجهرية
3/22/419;ش. ن  لطحلب سبيروجيرا في دور الاخصاب;الاحياء;SPIROGYRA IN CONJUGATION;شرائح مجهرية
3/22/420;ش. ن  لطحلب فولفكس;الاحياء;VOLVEX ALGAE;شرائح مجهرية
3/22/421;ش. ن  لطحلب كلاميدموناس;الاحياء;CLAMYDOMONAS ALGAE;شرائح مجهرية
3/22/422;ش. ن  لطحلب لاميناريا;الاحياء;LAMINARIA ALGAE;شرائح مجهرية
3/22/423;ش. ن  لطحلب النوستك;الاحياء;NOSTOC ALGAE;شرائح مجهرية
3/22/424;ش. ن  للطحالب;الاحياء;MIXED ALGAE;شرائح مجهرية
3/22/425;ش. ن  لعديسة في ساق نبات;الاحياء;STEM WITH LENTICEL;شرائح مجهرية
3/22/426;ش. ن  لعفن ازرق بنسيليوم;الاحياء;PENICILLIUM;شرائح مجهرية
3/22/427;ش. ن  للفطريات;الاحياء;FUNGUS;شرائح مجهرية
3/22/428;ش. ن  لمبيض نبات فلقة واحدة - ق.ع;الاحياء;OVARY, MONOCOT PLANT  CS;شرائح مجهرية
3/22/429;ش. ن لمبيض نبات فلقة واحدة للبويضات;الاحياء;OVARY, MONOCOT PLANT  OVULES;شرائح مجهرية
3/22/430;ش. ن قمة جذر بصل نامي - ق.ط;الاحياء;ROOT, TOPPER OF ONION IN ITS GROWTH  LS;شرائح مجهرية
3/22/431;ش. ن لساق سرخس - ق.ع;الاحياء;FERN STEM  CS;شرائح مجهرية
3/22/432;ش. ن لمتك - ق.ع;الاحياء;ANTHER  CS;شرائح مجهرية
3/22/433;ش. ن لنهاية الجذور والقلنسوة - ق.ط;الاحياء;ROOT TIP AND CAP  LS;شرائح مجهرية
3/22/434;ش. ن لورقة نبات فلقة واحدة - البشرة;الاحياء;LEAF, MONOCOT PLANT, EPIDERMIS;شرائح مجهرية
3/22/435;ش. ن لورقة نموذجية - ق.ع;الاحياء;TYPICAL LEAF  CS;شرائح مجهرية
3/22/436;ش. ن لورقة نبات الالوديا;الاحياء;ELODEA LEAF;شرائح مجهرية
3/22/437;ش. ن للبلاستيدات;الاحياء;PLASTIDS;شرائح مجهرية
3/22/438;ش. ن لحبيبات النشا;الاحياء;STARCH GRAINS;شرائح مجهرية
3/22/439;ش. ن لحبيبات الاليرون;الاحياء;ALEURONE GRAINS;شرائح مجهرية
3/22/440;ش. ن للبلورات;الاحياء;CRYSTALS;شرائح مجهرية
3/22/441;ش. ن لجدارالخلية النباتية;الاحياء;PLANT CELL WALL;شرائح مجهرية
3/22/442;ش. ن للنقر;الاحياء;PITS;شرائح مجهرية
3/22/443;ش. ن للتركيب الكيميائي لجدار الخلية النباتية;الاحياء;PLANT CELL WALL - CHEMICAL STRUCTURE;شرائح مجهرية
3/22/444;ش. ن للانسجة المرستيمية;الاحياء;MERISTEM  TISSUE;شرائح مجهرية
3/22/445;ش. ن للانسجة المستديمة;الاحياء;PERMANENT TISSUE;شرائح مجهرية
3/22/446;ش. ن للانسجة البرنشيمية;الاحياء;PARENCHYMA TISSUE;شرائح مجهرية
3/22/447;ش. ن للانسجة الكولنشيمية;الاحياء;COLLENCHYMA TISSUE;شرائح مجهرية
3/22/448;ش. ن للانسجة السكلرنشيمية;الاحياء;SCLERENCHYMA TISSUE;شرائح مجهرية
3/22/449;ش. ن للخلايا الحجرية;الاحياء;STONE CELLS;شرائح مجهرية
3/22/450;ش. ن لنسيج الخشب;الاحياء;XYLEM TISSUE;شرائح مجهرية
3/22/451;ش. ن لنسيج اللحاء;الاحياء;PHLOEM TISSUE;شرائح مجهرية
3/22/452;ش. ن لجذر نبات السفندر فلقة واحدة;الاحياء;RUSCUS;شرائح مجهرية
3/22/453;ش. ن لجذر نبات الشقيق الحديث فلقتين;الاحياء;RANUNCULUS  ROOT DICOT;شرائح مجهرية
3/22/454;ش. ن لساق نبات الذرة فلقة واحدة;الاحياء;CORN -MAIZE- STEM;شرائح مجهرية
3/22/455;ش. ن لساق تباع الشمس فلقتين;الاحياء;SUNFLOWER STEMDICOT;شرائح مجهرية
3/22/456;ش. ن لورقة نبات الذرة;الاحياء;CORN -MAIZE- LEAF;شرائح مجهرية
3/22/457;ش. ن لورقة نبات القطن;الاحياء;COTTON LEAF;شرائح مجهرية
3/22/458;ش. ن للنباتات المتوسطة ( الرطوبة المعتدلة );الاحياء;MESOPHYTE;شرائح مجهرية
3/22/459;ش. ن للنباتات الجفافية;الاحياء;XEROPHYTE;شرائح مجهرية
3/22/460;ش. ن للنباتات المائية;الاحياء;HYDROPHYTE;شرائح مجهرية
3/22/461;ش. ن لطحلب اليوجيلينا;الاحياء;ُEUGLENA ALGAE;شرائح مجهرية
3/22/463;ش. ن لطحلب الباندرونيا;الاحياء;PANDORINA ALGAE;شرائح مجهرية
3/22/464;ش. ن لطحلب الكارا;الاحياء;CHARA ALGAE;شرائح مجهرية
3/22/465;ش. ن لطحلب الكلادوفورا;الاحياء;CLADOPHORA ALGAE;شرائح مجهرية
3/22/466;ش. ن للانقسام الميتوزي ( غير المباشر );الاحياء;MITOSIS DIVISION;شرائح مجهرية
3/22/467;ش. ن لاطوار الانقسام الميتوزي;الاحياء;MITOSIS DIVISION PHASES;شرائح مجهرية
3/22/468;ش. ن لطحلب الكلوريلا;الاحياء;CHLORELLA ALGAE;شرائح مجهرية
3/22/469;ش. ن لطحلب الفيوكس;الاحياء;FUCUS ALGAE;شرائح مجهرية
3/22/470;ش. ن لساق الالوديا;الاحياء;ELODEA STEM;شرائح مجهرية
3/22/471;ش. ن لعفن الخبز;الاحياء;RHIZOPUS;شرائح مجهرية
3/22/472;ش. ن للبنسيليوم;الاحياء;PENICILLIUM;شرائح مجهرية
3/22/473;ش. ن لعيش الغراب;الاحياء;COPRINUS MUSHROOM;شرائح مجهرية
3/22/474;ش.ن للفيوزاريوم;الاحياء;FUSRARIUM;شرائح مجهرية
3/22/475;ش.ح بكتيريا حلزونية;الاحياء;BACTERIA SPIROCHAETALES;شرائح مجهرية
3/22/476;ش.ح بكتيريا عصوية;الاحياء;BACTERIA BACILLUS;شرائح مجهرية
3/22/477;ش.ح بكتيريا كروية;الاحياء;BACTERIA STREPTOCOCCUS;شرائح مجهرية
3/22/478;ش.ح بلازموديوم ملاريا;الاحياء;PLASMODIUM MALARIAE;شرائح مجهرية
3/22/479;ش.ح الهيدرا   ق.ط;الاحياء;HYDRA;شرائح مجهرية
3/22/480;ش.ح  للارنب  ق.ع في شريان;الاحياء;SECTION IN THE ARTERY RABBIT;شرائح مجهرية
3/22/481;ش.ح في رئة فأر   ق.ع;الاحياء;LUNG TISSUE OF A RAT;شرائح مجهرية
3/22/482;امعاء أرنب توضح الخملات ق.ع;الاحياء;RABBIT INTESTINES INTESTINAL VILLUS;شرائح مجهرية
3/22/483;حليمات التذوق في لسان الارنب;الاحياء;TASTE  TONGUE FILIFORM PAPILLAE OF A RABBIT;شرائح مجهرية
3/22/484;القصبة الهوائية للانسان ق.ع;الاحياء;BRONCHIOLE IN HUMAN;شرائح مجهرية
3/22/485;قطاع في جلد الانسان به شعر;الاحياء;SECTOR IN HUMAN SKIN WITH HAIR;شرائح مجهرية
3/22/486;ش.ح أنواع البكتيريا كروية-عصوية-حلزونية;الاحياء;TYPES OF  BACTERIA;شرائح مجهرية
3/22/487;زهرة الليلك المبيض ق.ط;الاحياء;LILAC OVARY L.S;شرائح مجهرية
3/22/488;ش.ن جذر حديث نبات دوار الشمس ق.ع;الاحياء;SUNFLOWER ROOT, C.S;شرائح مجهرية
3/22/489;ش.ن ورقة نبات دوار الشمس ق.ع;الاحياء;SUNFLOWER LEAF, C.S;شرائح مجهرية
3/22/490;جذر نبات الذرة المنطقة النامية ق.ط;الاحياء;CORN ROOT TIP CROSS SECTION;شرائح مجهرية
3/22/501;عينة م . للبلاناريا;الاحياء;PLANARIA;عينات محفوظة
3/22/502;عينة م . للخيطيات - اسكارس - انكلستوما;الاحياء;ROUND WORM -ANCYLOSTOMA & ASCARIS;عينات محفوظة
3/22/503;عينة م . للديدان الحلقية - دودة الارض;الاحياء;SEGMENTED WORMS - EARTH  WORM;عينات محفوظة
3/22/504;عينة م . لشوكيات الجلد - نجم البحر;الاحياء;ECHINODERMATA - STARFISH;عينات محفوظة
3/22/505;عينة م . للفراش;الاحياء;CATERPILLER;عينات محفوظة
3/22/506;عينة م . للمفصليات;الاحياء;ARTHOPODA;عينات محفوظة
3/22/507;عينة م. الالوديا;الاحياء;ELODEA;عينات محفوظة
3/22/508;عينة م. الجيرانيوم;الاحياء;GERANIUM;عينات محفوظة
3/22/509;عينة م. الهيدرا;الاحياء;HYDRA;عينات محفوظة
3/22/510;عينة م. للاسفنج - جرانتيا;الاحياء;GRANTIA - SPONGE;عينات محفوظة
3/22/511;عينة م. للاسفنج - الليكوسولينا;الاحياء;LEUCOSOLENIA - SPONGE;عينات محفوظة
3/22/512;عينة م. للاسفنج - الاسبونجيلا;الاحياء;SPONGILLA - SPONGE;عينات محفوظة
3/22/513;عينة م. للاسفنج التجاري;الاحياء;COMMERCIAL  SPONGE;عينات محفوظة
3/22/514;هياكل بعض الاسفنجيات;الاحياء;PORIFERANS ( SPONGES);نماذج
3/22/515;عينة م. لمفصليات الارجل;الاحياء;ARTHROPOD;عينات محفوظة
3/22/516;عينة م. للحشرات;الاحياء;INSECTS;عينات محفوظة
3/22/517;عينة م. للرخويات;الاحياء;MOLLUSKS;عينات محفوظة
3/22/518;عينة م. للسهيم ( الرميح );الاحياء;AMPHIOXUS;عينات محفوظة
3/22/519;عينة م.سمك البلطي;الاحياء;CICHLID FISH;عينات محفوظة
3/22/520;عينة م.كلب البحر;الاحياء;DOGFISH;عينات محفوظة
3/22/521;عينة م.الضفدع;الاحياء;FROG;عينات محفوظة
3/22/522;عينة م.السقنقور;الاحياء;SCINCUS;عينات محفوظة
3/22/523;عينة م.الحمامة المنزلية;الاحياء;PIGEON;عينات محفوظة
3/22/524;عينة م.الارنب;الاحياء;RABBIT - ORYCTOLAGUS CUNICULUS;عينات محفوظة
3/22/550;عينة م لطحلب النوستك;الاحياء;NOSTOC ALGAE;عينات محفوظة
3/22/551;عينة م لطحلب النوستوك ق.م;الاحياء;NOSTOC ALGAE;عينات محفوظة
3/22/552;عينة م لطحلب النوستوك مستعمرة كروية;الاحياء;NOSTOC ALGAE - SPHERICAL COLONY;عينات محفوظة
3/22/553;عينة م لطحلب الكارا;الاحياء;CHARA ALGAE;عينات محفوظة
3/22/554;عينة م لطحلب الكلاميدوموناس - اطوار;الاحياء;CLAMYDOMONAS ALGAE PHASES;عينات محفوظة
3/22/555;عينة م لطحلب الكلاميدوموناس - شكل خارجي;الاحياء;CLAMYDOMONAS ALGAE;عينات محفوظة
3/22/556;عينة م لطحلب الكلادوفورا;الاحياء;CLADOPHORA ALGAE;عينات محفوظة
3/22/557;عينة م لطحلب باندورينا;الاحياء;PANDORINA ALGAE;عينات محفوظة
3/22/558;عينة م لطحلب اسبيروجيرا - تكاثر خضري;الاحياء;SPIROGYRA ALGAE - VEGETATIVE;عينات محفوظة
3/22/559;عينة م لطحلب اسبيروجيرا - تزاوج جانبي;الاحياء;SPIROGYRA ALGAE - LATERAL CONJUGATION;عينات محفوظة
3/22/560;عينة م لطحلب لاسبيروجيرا - تزاوج سلمي;الاحياء;SPIROGYRA ALGAE - SCALARIFORM CONJUGATION;عينات محفوظة
3/22/561;عينة م لطحلب الفولفكس;الاحياء;VOLVOX ALGAE;عينات محفوظة
3/22/562;عينة م لطحلب الزيجونيما;الاحياء;ZYGNEMA ALGAE;عينات محفوظة
3/22/563;عينة م لدياتومات مختلفة;الاحياء;MIXED DIATOMS;عينات محفوظة
3/22/564;عينة م لطحلب الفيوشيريا;الاحياء;VAUCHERIA ALGAE;عينات محفوظة
3/22/565;عينة م لطحلب الفيوكس المذكر;الاحياء;FUCUS ALGAE - MALE;عينات محفوظة
3/22/566;عينة م لطحلب الفيوكس المؤنث;الاحياء;FUCUS ALGAE - FEMALE;عينات محفوظة
3/22/567;عينة م لطحلب الفيوكس وحيد المسكن;الاحياء;FUCUS ALGAE - UNILOCULAR;عينات محفوظة
3/22/568;عينة م لطحلب الفيوكس نبات كامل;الاحياء;FUCUS ALGAE;عينات محفوظة
3/22/569;عينة م لطحلب لاميناريا;الاحياء;LAMINARIA ALGAE;عينات محفوظة
3/22/570;عينة م لطحلب لاميناريا 1مم;الاحياء;LAMINARIA ALGAE;عينات محفوظة
3/22/571;عينة م لطحلب بنية;الاحياء;BROWN ALGAE;عينات محفوظة
3/22/572;عينة م لاعضاء التذكير في السرخس;الاحياء;FERN - MALE PART;عينات محفوظة
3/22/573;عينة م لاعضاء التانيث في السرخس;الاحياء;FERN - FEMALE PART;عينات محفوظة
3/22/574;عينة م لاعضاء الجنس في السرخس;الاحياء;FERN - SEX PART;عينات محفوظة
3/22/575;عينة م لجنين جرثومي لنبات السرخس;الاحياء;FERN -  BACTERIAL EMBRYO;عينات محفوظة
3/22/576;عينة م لنبات جرثومي صغير للسرخس;الاحياء;FERN;عينات محفوظة
3/22/578;عينة م علق طبي;الاحياء;HIRUDO MEDICINALIS;عينات محفوظة
3/22/579;عينة م طحالب حمراء (جليديوم);الاحياء;RED ALGAE-GELIDIUM;عينات محفوظة
3/22/580;عينة م النباتات الحزازية (فيوناريا);الاحياء;FUNARIA;عينات محفوظة
3/22/581;عينة م النباتات الحزازية (ماركنتيا);الاحياء;MARCHANTIA;عينات محفوظة
3/22/582;عينة م ام اربعة واربعين;الاحياء;CENTIPEDE;عينات محفوظة
3/22/601;نموذج الانقسام الاختزالي في الخلية الحيوانية;الاحياء;ANIMAL MEIOSIS SET MODEL;نماذج
3/22/602;نموذج الاميبا;الاحياء;AMOEBA MODEL;نماذج
3/22/603;نموذج البرامسيوم كائن;الاحياء;PARAMECIUM MODEL;نماذج
3/22/604;نموذج للحشرات المتوفرة في المملكة;الاحياء;INSECTS IN KSA MODEL;نماذج
3/22/605;نموذج لحيوانات صحراوية مختلفة;الاحياء;DESERT ANIMALS MODEL;نماذج
3/22/606;نموذج خلية حيوانية توضح الانقسام;الاحياء;ANIMAL CELL  DIVISION MODEL;نماذج
3/22/607;نموذج قطعة من الدودة الشريطية;الاحياء;TAENIA MODEL;نماذج
3/22/608;نموذج لذبابة الفاكهة;الاحياء;DROSOPHILA MELANOGASTE MODEL;نماذج
3/22/609;نموذج لسمكة;الاحياء;FISH MODEL;نماذج
3/22/610;نموذج لصرصور ذكر;الاحياء;COCKROACH, MALE MODEL;نماذج
3/22/611;نموذج لصرصور مشرح;الاحياء;COCKROACH, DISSECTED MODEL;نماذج
3/22/612;نموذج لضفدع مشرح;الاحياء;FROG, DISSECTED MODEL;نماذج
3/22/613;نموذج طائر;الاحياء;BIRD MODEL;نماذج
3/22/614;هيكل ارنب;الاحياء;RABBIT, SKELETON;نماذج
3/22/615;هيكل افعى;الاحياء;SNAKE  SKELETON;نماذج
3/22/616;هيكل سحلية;الاحياء;LIZARD SKELETON;نماذج
3/22/617;هيكل سمكة غضروفية;الاحياء;CARTILGE FISH SKELETON;نماذج
3/22/618;هيكل ضفدع;الاحياء;FROG SKELETON;نماذج
3/22/619;هيكل طائر ;الاحياء;BIRD SKELETON;نماذج
3/22/620;هياكل خارجية لبعض الحيوانات المرجانية;الاحياء;EXTERNAL SKELETON FOR SOME CORAL REEFS;نماذج
3/22/622;اصداف لبعض الحيوانات الرخوية;الاحياء;SHELLS OF SOME MOLLUSCS;عينات
3/22/701;نموذج الاذن في الانسان;الاحياء;EAR MODEL IN HUMANS;نماذج
3/22/702;نموذج الجذع في الانسان ;الاحياء;MINIATURE TORSO;نماذج
3/22/703;نموذج الجلد في الانسان;الاحياء;HUMAN SKIN MODEL;نماذج
3/22/704;نموذج الجهاز البولي مع الكلية للانسان;الاحياء;SECRETORY SYSTEM WITH KIDNEY;نماذج
3/22/705;نموذج الجهاز التنفسي مع القلب في الانسان;الاحياء;RESPIRATORY SYSTEM WITH HEART;نماذج
3/22/706;نموذج الجهاز الدوري في الانسان;الاحياء;CIRCULATORY SYSTEM;نماذج
3/22/707;نموذج الجهاز الهضمي في الانسان;الاحياء;DIGESTIVE SYSTEM;نماذج
3/22/708;نموذج الحنجرة في الانسان;الاحياء;LARYNG MODEL IN HUMANS;نماذج
3/22/709;نموذج الراس والمخ في الانسان;الاحياء;HEAD (BRAIN) IN HUMANS;نماذج
3/22/710;نموذج العين في الانسان;الاحياء;EYE MODEL IN HUMANS;نماذج
3/22/711;نموذج الفك السفلي للانسان;الاحياء;LOWER JAW MODEL IN HUMANS;نماذج
3/22/712;نموذج القلب في الانسان;الاحياء;HEART MODEL IN HUMANS;نماذج
3/22/713;نموذج الكلية في الانسان;الاحياء;KIDNEY MODEL IN HUMANS;نماذج
3/22/714;نموذج الهيكل العظمي للانسان;الاحياء;MINIATURE SKELETON MODEL IN HUMANS;نماذج
3/22/715;نموذج جسم الانسان يظهر الامعاء الداخلية;الاحياء;TRUNK MODEL IN HUMANS;نماذج
3/22/801;نموذج الانبات في البذور قمح وذرة;الاحياء;GERMINATION OF SEEDS;نماذج
3/22/802;نموذج الانقسام الاختزالي للخلية النباتية;الاحياء;CELL DIVISION, MEIOSIS;نماذج
3/22/803;نموذج الانقسام الغير مباشر في الخلية;الاحياء;CELL DIVISION. MEITOSIS;نماذج
3/22/804;نموذج جذر نبات فلقتين  مقطع;الاحياء;DICOT  ROOT  SECTION MODEL;نماذج
3/22/805;نموذج جذر نبات فلقة واحدة  مقطع;الاحياء;MONOCOT  ROOT  SECTION;نماذج
3/22/806;نموذج حبوب اللقاح;الاحياء;POLLEN GRAIN MODEL;نماذج
3/22/807;نموذج خلية نباتية توضح طرق الانقسام;الاحياء;PLANT CELL DIVISION;نماذج
3/22/808;نموذج خلية نباتية نموذجية;الاحياء;TYPICAL PLANT CELL;نماذج
3/22/809;نموذج زهرة البازلاء;الاحياء;FLOWER OF THE PEAS MODEL;نماذج
3/22/810;نموذج زهرة نموذجية;الاحياء;TYPICAL FLOWER MODEL;نماذج
3/22/811;نموذج ساق نبات حديث النمو  مقطع;الاحياء;YOUNG STEM, SECTION;نماذج
3/22/812;نموذج ساق فلقتين   ق.ع;الاحياء;DICOT STEM, SECTION MODEL;نماذج
3/22/813;نموذج ساق فلقة واحدة   مقطع;الاحياء;MONOCOT STEM, SECTION;نماذج
3/22/814;نموذج طحلب الاسبيروجيرا;الاحياء;SPYROGYRA ALGAE;نماذج
3/22/815;نموذج عفن الخبز;الاحياء;RHIZOPUS MODEL;نماذج
3/22/816;نموذج مبيض مشرح;الاحياء;OVARY DISSECTED;نماذج
3/22/817;نموذج ورقة نموذجية   مقطع;الاحياء;TYPICAL LEAF SECTION;نماذج
3/22/818;نموذج مجسم للهيدرا;الاحياء;HYDRA MODEL;نماذج
3/22/819;نموذج مجسم للقلب - ابتدائي;الاحياء;HEART MODEL;نماذج
3/22/850;ش.ح للنسيج الطلائي الحرشفي  لضفدع;الاحياء;SQUAMOUS EPITHELIAL  - FROG;شرائح مجهرية
3/22/851;ش.ح للنسيج الطلائي الحرشفي   الارنب;الاحياء;SQUAMOUS EPITHELIAL  - RABBIT;شرائح مجهرية
3/22/852;ش.ح للنسيج الطلائي المكعبي   كلية ارنب;الاحياء;CUBOIDAL EPITHELIAL  - RABBIT;شرائح مجهرية
3/22/853;ش.ح للنسيج الطلائي العمادي  امعاء ارنب;الاحياء;COLUMNAR EPITHELIAL  - RABBIT;شرائح مجهرية
3/22/854;ش.ح للنسيج الطلائي العمادي الانابيب الجامعة;الاحياء;COLUMNAR EPITHELIAL - COLLECTOR TUBE;شرائح مجهرية
3/22/855;ش.ح للنسيج الطلائي العمادي المهدب  خلايا;الاحياء;CILIATED COLUMNAR EPITHELIAL;شرائح مجهرية
3/22/856;ش.ح للنسيج الطلائي الطبقي الحرشفي في الجلد;الاحياء;SQUAMOUS STRATIFIED EPITHELIAL;شرائح مجهرية
3/22/857;ش.ح للنسيج الطلائي العمادي  خلايا معزولة;الاحياء;COLUMNAR EPITHELIAL;شرائح مجهرية
3/22/858;ش.ح للنسيج الطلائي المهدب  خلايا منزوعة;الاحياء;CILIATED EPITHELIAL;شرائح مجهرية
3/22/859;ش.ح للنسيج الطلائي الطبقي الانتقالي لقطاعين;الاحياء;TRANSITIONAL STRATIFIED EPITHELIAL;شرائح مجهرية
3/22/860;ش.ح للنسيج الطلائي العمادي الطبقي الكاذب;الاحياء;PSUDOSTRATIFIED COLUMNAR EPITHELIAL;شرائح مجهرية
3/22/861;ش.ح للنسيج الطلائي العمادي المهدب الكاذب ;الاحياء;CILIATED COLUMNAR EPITHELIAL;شرائح مجهرية
3/22/862;ش.ح لقطاع عرضي من الحبل الشوكي للارنب;الاحياء;SPINAL CORD - RABBIT CS;شرائح مجهرية
3/22/863;ش.ح لقطاع عرضي في عصب قط او ارنب;الاحياء;RABBIT NERVE CS;شرائح مجهرية
3/22/864;ش.ح لجلد سمكة;الاحياء;FISH SKIN;شرائح مجهرية
3/22/865;ش.ح لجلد طيور;الاحياء;BIRDS SKIN;شرائح مجهرية
3/22/866;ش.ح ليوجلينا;الاحياء;EUGLENA;شرائح مجهرية
3/22/867;ش.ح ليوجلينا طور التحوصل;الاحياء;EUGLENA ALGAE -ENDOSPORES;شرائح مجهرية
3/22/868;ش.ح البرامسيوم;الاحياء;PARAMECIUM;شرائح مجهرية
3/22/869;ش.ح للاسفنج التجاري;الاحياء;COMMERCIAL  SPONGE;شرائح مجهرية
3/22/870;ش.ح للاسفنج التجاري خيوط;الاحياء;COMMERCIAL  SPONGE FIBERS;شرائح مجهرية
3/22/871;ش.ح  للانكلستوما - التزاوج;الاحياء;ANCYLOSTOMA- MATING;شرائح مجهرية
3/22/872;ش.ح للعلق الطبي   ق.ع;الاحياء;LEECH CS;شرائح مجهرية
3/22/873;ش.ح لدودة الارض  ق.ع  امامي;الاحياء;EARTH WORM CS -FRONT;شرائح مجهرية
3/22/874;ش.ح لدودة الارض  ق.ع  خلفي;الاحياء;EARTH WORM CS - BEHIND;شرائح مجهرية
3/22/875;ش.ح للقراد;الاحياء;TICKS;شرائح مجهرية
3/22/876;ش.ح للحلم;الاحياء;MITES;شرائح مجهرية
3/22/877;ش.ح للجراد - انابيب ملبيجي;الاحياء;LOCUST - MALPIGHIAN TUBULES;شرائح مجهرية
3/22/878;ش.ح للنسيج الضام الفجوي;الاحياء;AREOLAR CONNECTIVE;شرائح مجهرية
3/22/879;ش.ح للنسيج الضام المرن;الاحياء;ELASTIC CONNECTIVE;شرائح مجهرية
3/22/880;ش.ح للنسيج الضام الدهني;الاحياء;ADIPOSE CONNECTIVE;شرائح مجهرية
3/22/881;ش.ح للنسيج الضام الشبكي;الاحياء;RETICULAR CONNECTIVE;شرائح مجهرية
3/22/882;ش.ح للنسيج الضام المخاطي;الاحياء;MUCOUS CONNECTIVE;شرائح مجهرية
3/22/883;ش.ح للنسيج الضام الليفي;الاحياء;FIBROUS CONNECTIVE;شرائح مجهرية
3/22/884;ش.ح للغضروف الزجاجي;الاحياء;HYALINE CARTILAGE;شرائح مجهرية
3/22/885;ش.ح للغضروف المرن;الاحياء;ELASTIC CARTILAGE;شرائح مجهرية
3/22/886;ش.ح للغضروف الليفي;الاحياء;FIBROUS CARTILAGE;شرائح مجهرية
3/22/887;ش.ح للعظم الاسفنجي والغشاء العظمي;الاحياء;SPONGY BONE - PERIOSTEUM;شرائح مجهرية
3/22/888;ش.ح للعضلات المخططة ( هيكلية ) ق.ط;الاحياء;SKELETAL (STRIATED)  MUSCLES  LS;شرائح مجهرية
3/22/889;ش.ح للعضلات المخططة   ق.ع;الاحياء;SKELETAL (STRIATED)  MUSCLES CS;شرائح مجهرية
3/22/890;ش.ح للعضلات الملساء;الاحياء;SMOOTH MUSCLES;شرائح مجهرية
3/22/891;ش.ح للعضلات القلبية;الاحياء;CARDIAC MUSCLES;شرائح مجهرية
3/22/892;ش.ح للشريان والوريد;الاحياء;ARTERIES AND VEINS;شرائح مجهرية
3/22/893;ش.ح للعصب والشريان والوريد;الاحياء;NERVE - ARTERIES - VEINS;شرائح مجهرية
3/22/894;ش.ح للجراد اجنحة الحشرات;الاحياء;LOCUST WING;شرائح مجهرية
3/22/895;ش.ح للجراد - البطن    ق.ع;الاحياء;LOCUST ABDOMEN CS;شرائح مجهرية
3/22/896;ش.ح للجراد  -  المبيض;الاحياء;LOCUST OVARY;شرائح مجهرية
3/22/897;ش.ح للجراد -  الخصية;الاحياء;LOCUST TESTIS;شرائح مجهرية
3/22/898;ش.ح  للسهيم;الاحياء;AMPHIOXUS;شرائح مجهرية
3/22/899;ش.ح للسهيم   ق .ع الفم والقلنسوة;الاحياء;AMPHIOXUS MOUTH CS;شرائح مجهرية
3/22/900;ش.ح للسهيم    ق.ع البلعوم;الاحياء;AMPHIOXUS PHARYNX CS;شرائح مجهرية
3/22/901;ش.ح  للسهيم   ق .ع  الامعاء;الاحياء;AMPHIOXUS INTESTINE CS;شرائح مجهرية
3/22/902;ش.ح للسهيم   ق.ع  الذيل;الاحياء;AMPHIOXUS CS;شرائح مجهرية
3/22/903;ش.ح للسهيم التناسلية  ذكر;الاحياء;AMPHIOXUS - MALE;شرائح مجهرية
3/22/904;ش.ح للسهيم التناسلية انثى;الاحياء;AMPHIOXUS - FEMALE;شرائح مجهرية
3/22/905;ش.ح لاجسام جولجي;الاحياء;GOLGI COMPLEX OR GOLGI APPARATUS;شرائح مجهرية
3/22/906;ش.ح للبلهارسيا   الميراسيديوم;الاحياء;SCHISTOSOMA (BILHARZIA) - MIRACIDIA;شرائح مجهرية
3/22/908;ش.ح للبلهارسيا    ذكر;الاحياء;SCHISTOSOMA (BILHARZIA) - MALE;شرائح مجهرية
3/22/909;ش.ح  للبلهارسيا  انثى;الاحياء;SCHISTOSOMA (BILHARZIA) - FEMALE;شرائح مجهرية
3/22/910;ش.ح لنجم البحر;الاحياء;STARFISH-SLIDE;شرائح مجهرية
3/22/911;ش.ح لنجم البحر بويضة;الاحياء;STARFISH - OVUM;شرائح مجهرية
3/22/912;ش.ح لنجم البحر اطوارالجساسترولا;الاحياء;STARFISH - GASTRULA;شرائح مجهرية
3/22/913;ش.ح لنجم البحر بويضة ملتحمة;الاحياء;STARFISH OVUM;شرائح مجهرية
3/22/914;ش.ح للسهيم   اليرقة المبكرة;الاحياء;AMPHIOXUS - EARLY LARVA;شرائح مجهرية
3/22/915;ش.ح للسهيم  اليرقة المتاخرة;الاحياء;AMPHIOXUS LATE LARVA;شرائح مجهرية
3/22/916;ش.ح للسهيم  طور مبكر;الاحياء;AMPHIOXUS EARLY STAGE;شرائح مجهرية
3/22/917;ش.ح للسهيم  بيض غير مخصب;الاحياء;AMPHIOXUS UNFERTILIZED EGG;شرائح مجهرية
3/22/918;ش.ح للسهيم  طور الجاسترولا;الاحياء;AMPHIOXUS GASTRULA;شرائح مجهرية
3/22/919;ش.ح للسهيم  طور الموريولا;الاحياء;AMPHIOXUS MORULA;شرائح مجهرية
3/22/920;ش.ح للسهيم  طور البلاستولا;الاحياء;AMPHIOXUS BLASTULA;شرائح مجهرية
3/22/921;ش.ح للسهيم  انقسام اليرقة;الاحياء;AMPHIOXUS LARVA SPLIT;شرائح مجهرية
3/22/922;ش.ح للسهيم   بيض مخصب;الاحياء;AMPHIOXUS FERTILIZED EGG;شرائح مجهرية
3/22/923;ش.ح للسهيم   طور الخليتين;الاحياء;AMPHIOXUS 2 CELL STAGE;شرائح مجهرية
3/22/924;ش.ح للسهيم  طور 4 خلايا;الاحياء;AMPHIOXUS 4 CELL STAGE;شرائح مجهرية
3/22/925;ش.ح للسهيم   طور 8 خلايا;الاحياء;AMPHIOXUS 8 CELL STAGE;شرائح مجهرية
3/22/926;ش.ح للضفدعة  جنين 4 مم;الاحياء;FROG - EMBRYO-4MM;شرائح مجهرية
3/22/927;ش.ح للضفدعة  جنين 5ـ 7 مم;الاحياء;FROG - EMBRYO-7.5MM;شرائح مجهرية
3/22/928;ش.ح للضفدعة  جنين 10 مم;الاحياء;FROG - EMBRYO-10MM;شرائح مجهرية
3/22/929;ش.ح للضفدعة  ق.ع جنين 10مم;الاحياء;FROG - EMBRYO  CS-10MM;شرائح مجهرية
3/22/930;ش.ح للضفدعة ق  سهمي جنين 10مم;الاحياء;FROG - EMBRYO  RS-10MM;شرائح مجهرية
3/22/931;ش.ح للضفدعة ق سهمي جنين 7مم;الاحياء;FROG - EMBRYO  RS-7MM;شرائح مجهرية
3/22/932;ش.ح للضفدعة  ق سهمي جنين  5 ـ 7مم;الاحياء;FROG - EMBRYO  RS-7.5MM;شرائح مجهرية
3/22/933;ش.ح للضفدعة  ق سهمي جنين 4مم;الاحياء;FROG - EMBRYO  RS-4MM;شرائح مجهرية
3/22/934;ش.ح للضفدعة  ق ع جنين 4مم;الاحياء;FROG - EMBRYO  CS;شرائح مجهرية
3/22/935;ش.ح للضفدعة  الجاسترولا;الاحياء;FROG GASTRULA;شرائح مجهرية
3/22/936;ش.ح للضفدعة  البلاستيولا;الاحياء;FROG BLASTULA;شرائح مجهرية
3/22/937;ش.ح للضفدعة  التلقيح المتاخر;الاحياء;FROG - LATE POLLINATION;شرائح مجهرية
3/22/938;ش.ح للضفدعة  التلقيح المبكر;الاحياء;FROG - EARLY POLLINATION;شرائح مجهرية
3/22/939;ش.ح للضفدعة  بيضة مخصبة;الاحياء;FROG - FERTILIZED EGG;شرائح مجهرية
3/22/940;ش.ح للضفدعة  حيوانات منوية;الاحياء;FROG SPERM;شرائح مجهرية
3/22/941;ش.ح للضفدعة  جزء في الخصية;الاحياء;FROG TESTIS;شرائح مجهرية
3/22/942;ش.ح للضفدعة  جزء في مبيض;الاحياء;FROG OVARY;شرائح مجهرية
3/22/943;ش.ح للضفدعة  الصفيحة العصبية;الاحياء;FROG NERVOUS  PALTE;شرائح مجهرية
3/22/944;ش.ح للضفدعة  الانبوب العصبي;الاحياء;FROG NERVOUS  TUBE;شرائح مجهرية
3/22/945;ش.ح  للضفدعة  القطب العصبي;الاحياء;FROG NERVOUS  POLE;شرائح مجهرية
3/22/946;ش.ح  للارنب  جزء في المبيض;الاحياء;RABBIT OVARY;شرائح مجهرية
3/22/947;ش.ح للارنب  جزء في الخصية;الاحياء;RABBIT TESTIS;شرائح مجهرية
3/22/948;ش.ح للجراد - اجزاء الفم;الاحياء;LOCUST MOUTH PARTS;شرائح مجهرية
3/22/949;قطن طبي;الاحياء;MEDICAL COTTON;ادوات
3/22/950;مجهر كهربائي (رقمي);الاحياء;DIGITAL MICROSCOPE;اجهزة
3/22/951;اصص بلاستيكية (لانبات البذور);الاحياء;PLANT POT;ادوات
3/22/952;ش.ح للاوليات;الاحياء;PROTOZA;شرائح مجهرية
3/22/953;شريحة ميكروسكوبية بيضاء;الاحياء;WHITE MICROSCOPE SLIDE;ادوات
3/23/101;اداة تنظيف حفريات;الجيولوجيا;FOSSILES CLEANING TOOL;ادوات
3/23/102;اقلام قياس الصلادة;الجيولوجيا;HARDNESS PENCILS;ادوات
3/23/103;الة تصوير ( كاميرا );الجيولوجيا;CAMERA;اجهزة
3/23/104;انواع حفظ الاحافير;الجيولوجيا;FOSSILES SPECIMEN HOLDER;ادوات
3/23/105;بازلت  -  قطع;الجيولوجيا;BASALT;عينات
3/23/106;بلورات تمثل المعادن الرئيسية;الجيولوجيا;MINIERALS CRYSTAL;عينات
3/23/107;بوصلة برنتون;الجيولوجيا;BRUNTON COMPASS;ادوات
3/23/108;بوصلة سلفر ;الجيولوجيا;SILVER COMPASS;ادوات
3/23/109;جرافيت   -  قطع;الجيولوجيا;GRAPHITE;عينات
3/23/110;جهاز الاشعة المنعكسة;الجيولوجيا;X RAY DIFFRACTOMETER;اجهزة
3/23/111;جهاز الاشعة فوق البنفسجية;الجيولوجيا;UV LAMP APPARATUS;اجهزة
3/23/112;حامل ثلاثي للبوصلات;الجيولوجيا;TRIPOD HOLDER FOR COMPASS;ادوات
3/23/113;حفريات ;الجيولوجيا;FOSSILES;عينات
3/23/114;شرائح احافير دقيقة   فتحة واحدة;الجيولوجيا;FOSSILES SLIDE ONE OPEN;شرائح
3/23/1140;نماذج من الصخور المتنوعة;الجيولوجيا;SET OF  ROCKS;عينات
3/23/115;شرائح احافير دقيقة   ثلاث فتحات;الجيولوجيا;FOSSILES SLIDE THREE OPEN;شرائح
3/23/116;شرائح احافير دقيقة   شرائح فونية;الجيولوجيا;FOSSILES SLIDE;شرائح
3/23/117;صخور القشرة الارضية;الجيولوجيا;EARTH ROCKS;عينات
3/23/118;صخور توضح مقياس الصلادة;الجيولوجيا;HARDNESS ROCKS SCAL;ادوات
3/23/119;عينات بترول خام;الجيولوجيا;CRUDE OIL SPECIMENS;عينات
3/23/120;عينات تمثل المعادن الرئيسية;الجيولوجيا;MINERAL SPECIMENS;عينات
3/23/121;عينات صخرية توضح انواع التطبق;الجيولوجيا;ROCKS SPECIMENS OF STRATIFICATION;عينات
3/23/122;عينات لمنتج تكرير البترول;الجيولوجيا;"PETROLEUM RECTIFICATION PRODUCT SPECIMENS 

-PETROLEUM RECTIFICATION PRODUCT";عينات
3/23/123;فرشاة التقاط حفريات دقيقة;الجيولوجيا;FOSSILES BRUSH;ادوات
3/23/124;قطاعات من انواع التربة;الجيولوجيا;SECTION FORM SOIL KINDS;عينات
3/23/125;مثقاب او ازميل;الجيولوجيا;CHISEL;ادوات
3/23/126;مجهر على شكل قلم يوضع في الجيب;الجيولوجيا;POCKET MICROSCOPE;اجهزة
3/23/127;مجهر مجسم;الجيولوجيا;STEREOMICROSCOPE;اجهزة
3/23/128;مطرقة;الجيولوجيا;HAMMER;ادوات
3/23/129;مغناطيس  قضيب;الجيولوجيا;BAR MAGNET;ادوات
3/23/130;مقياس ارتفاع;الجيولوجيا;THEODOLITE;اجهزة
3/23/131;مكبر استقطابي;الجيولوجيا;POLARIZATION MICROSCOPE;اجهزة
3/23/132;منظار ثنائي العينية;الجيولوجيا;BINOCULAR MICROSCOPE;اجهزة
3/23/134;ميزان بكفتين;الجيولوجيا;DOUBLE PAN BALANCE;اجهزة
3/23/135;نماذج للنظم البلورية;الجيولوجيا;CRYSTALES SET MODEL;نماذج
3/23/136;نموذج لمعمل تكرير البترول;الجيولوجيا;PETROLEUM REFINERY MODEL;نماذج
3/23/137;هاون معدني بيد(مدقة);الجيولوجيا;MORTAR AND PESTLE;ادوات
3/23/138;ستيرسكوب وكتابه ( المجسام );الجيولوجيا;STEREOSCOPE;اجهزة
3/23/139;شريط متري;الجيولوجيا;TAPE MEASURE;ادوات
3/23/140;صخور وعينات معدنية;الجيولوجيا;ROCKS AND MINERALS SPECIMENS;عينات
3/23/142;نموذج المجموعة الشمسية;الجيولوجيا;SOLAR SYSTEM SIMULATOR;نماذج
3/23/143;مجموعة ادوات قراءة الخرائط;الجيولوجيا;MAPPING TOOLS;ادوات
3/23/144;نموذج يمثل النظام الشمسي;الجيولوجيا;SOLAR SYSTEM MODEL;نماذج
3/23/145;تلسكوب بسيط;الجيولوجيا;TELESCOPE;اجهزة
3/23/146;مطرقة رقائق;الجيولوجيا;CHIPPING HAMMER;ادوات
3/23/147;مطرقة كسارة;الجيولوجيا;PICK HAMMER;ادوات
3/23/148;مطرقة ثقيلة للتكسير;الجيولوجيا;CRACK HAMMER;ادوات
3/23/149;مجموعة ازاميل;الجيولوجيا;CHISEL SET;ادوات
3/23/150;شرائح صخور ميكرسكوبية;الجيولوجيا;ROCKS SLIDE;شرائح
3/23/151;اسطرلاب;الجيولوجيا;SEXTANT;اجهزة
3/24/001;جهاز تحليل الماء كهربيا (بسيط );المستلزمات والزجاجيات;WATER VOLTAMETER;اجهزة
3/24/101;برج تجفيف;المستلزمات والزجاجيات;ABSORPTION TOWER;ادوات
3/24/102;جهاز اتحاد الكلور مع الهيدروجين;المستلزمات والزجاجيات;COLRINE  COMBINATION WITH OXYGEN APPARATUS;اجهزة
3/24/103;جهازاحتراق النتروجين في الاكسجين;المستلزمات والزجاجيات;NITROGEN BURNING IN OXYGEN APPARATUS;اجهزة
3/24/104;جهاز الكشف عن تلوث الهواء بالغازات الخمس;المستلزمات والزجاجيات;DETECTION AIR POLLUTION WITH FIVE GASES APPARATUS;اجهزة
3/24/105;جهاز تحويل التيار المتردد الى مستمر;المستلزمات والزجاجيات;AC/DC POWER SUPPLY;اجهزة
3/24/106;جهاز تقطير الجازولين ASTM;المستلزمات والزجاجيات;GASOLINE DISTILLATION APPARATUS;اجهزة
3/24/107;جهاز تقطير المياه;المستلزمات والزجاجيات;WATER DISTILLATION APPARATUS;اجهزة
3/24/108;جهاز سيبولت لتعيين اللزوجة;المستلزمات والزجاجيات;SAYBOLT VISCOMETER;اجهزة
3/24/109;جهاز طرد مركزي ( 4دلاء );المستلزمات والزجاجيات;CENTRFUGE;اجهزة
3/24/110;جهاز فيكتور ماير كامل;المستلزمات والزجاجيات;VICTOR MEYER VAPOUR DENSITY;اجهزة
3/24/111;جهاز قياس التوصيل الكهربي;المستلزمات والزجاجيات;CONDUCTIVITY METER;اجهزة
3/24/112;جهاز قياس الدقائق المعلقة في الهواء;المستلزمات والزجاجيات;"HANGING PARTICLE IN AIR MEASURING APPARATUS

METER";اجهزة
3/24/113;جهاز قياس الهيدروكربونات في الهواء;المستلزمات والزجاجيات;HYDROCARBONS IN AIR MEASURING APPARATUS;اجهزة
3/24/114;جهاز قياس تركيز اكاسيد النتروجين في الهواء;المستلزمات والزجاجيات;NITROGEN OXIDE CONCENTRATION  IN AIR MEASURING APPARATUS;اجهزة
3/24/115;جهاز قياس اول اكسيد الكربون في الهواء;المستلزمات والزجاجيات;MONO CARBON OXIDE IN AIR MEASURING APPARATUS;اجهزة
3/24/116;جهاز قياس تركيز ثاني اكسيد الكبريت في الهواء;المستلزمات والزجاجيات;SULFUR DIOXIDE CONCENTRATION IN AIR MEASURING APPARATUS;اجهزة
3/24/117;جهاز قياس تركيز كبرتيد الهيدروجين في الهواء;المستلزمات والزجاجيات;HYDROGEN SULFIDE CONCENTRATION IN AIR MEASURING APPARATUS;اجهزة
3/24/118;جهاز كب كامل سعة 250مل ;المستلزمات والزجاجيات;KIPP'S APPARATUS;اجهزة
3/24/1184;ركبة معدنية;المواد الكيميائية;BOSS HEAD;ادوات
3/24/119;جهاز كب كامل سعة 500مل;المستلزمات والزجاجيات;KIPP'S APPARATUS;اجهزة
3/24/120;جهاز كب كامل سعة 1000مل;المستلزمات والزجاجيات;KIPP'S APPARATUS;اجهزة
3/24/121;حمام مائي كهربي;المستلزمات والزجاجيات;ELECTRIC WATER PATH;ادوات
3/24/122;صندوق مقارنة الالوان;المستلزمات والزجاجيات;COLOR COMPARISON BOX;ادوات
3/24/123;عمود تبادل الايونات;المستلزمات والزجاجيات;IONS EXCHANGE COLUMN;ادوات
3/24/124;فرن تجفيف عادي;المستلزمات والزجاجيات;FORCED AIR OVEN;اجهزة
3/24/125;فرن لافح (عالي الحرارة );المستلزمات والزجاجيات;HIGH TEMPERATURE OVEN;اجهزة
3/24/126;فلاش كاميرا;المستلزمات والزجاجيات;CAMERA  FLASH;اجهزة
3/24/127;فولتامتر نحاس كامل;المستلزمات والزجاجيات;COPPER VOLTAMETER;اجهزة
3/24/128;فولتامتر هوفمان كامل;المستلزمات والزجاجيات;HOFMANN VOLTAMETER;اجهزة
3/24/129;فولتميتر للتيار المستمر;المستلزمات والزجاجيات;DC VOLTMETER;اجهزة
3/24/130;لوح تسخين كهربائي;المستلزمات والزجاجيات;HOT PLATE;اجهزة
3/24/131;محرك ميكانيكي معلق;المستلزمات والزجاجيات;MECANICAL ENGINE;اجهزة
3/24/133;نماذج للذرات;المستلزمات والزجاجيات;ATOMS MODELS;نماذج
3/24/134;قاعدة حامل;المستلزمات والزجاجيات;STAND BASE;ادوات
3/24/135;قضيب حمل;المستلزمات والزجاجيات;STAND ROD;ادوات
3/24/136;مثبت زاوي ( ملزمة );المستلزمات والزجاجيات;CLAMP;ادوات
3/24/137;ركبة بحلقة;المستلزمات والزجاجيات;RING RETORT STAND;ادوات
3/24/138;جهاز طرد مركزي ( يدوي );المستلزمات والزجاجيات;HAND CENTRIFUGE;اجهزة
3/24/176;انابيب هوفمان;المستلزمات والزجاجيات;HOFMANN TUBES;انابيب
3/24/177;قبابة لوزن الغازات;المستلزمات والزجاجيات;WEIGHTING GAS BULB;ادوات
3/24/178;قطب بلاتين لفولتامتر هوفمان;المستلزمات والزجاجيات;PLATINUM ELECTRODE FOR HOFFMAN VOLTAMETER;ادوات
3/24/179;قطب فضة ;المستلزمات والزجاجيات;SILVER ELECTRODE;ادوات
3/24/180;قطب كربون لفولتامتر هوفمان;المستلزمات والزجاجيات;CARBON ELECTRODE FOR HOFFMAN VOLTAMETER;ادوات
3/24/181;ملعقة فضة او مطلية بالفضة;المستلزمات والزجاجيات;SILVER SPOON;ادوات
3/24/182;انابيب لجهاز الطرد المركزي;المستلزمات والزجاجيات;CENTRIFUGE TUBE;انابيب
3/24/183;ركبة معدنية مزدوجة;المستلزمات والزجاجيات;BOSS HEAD;ادوات
3/25/001;انبوبة زجاجية للتوصيل قائم الزاوية;المستلزمات والزجاجيات;RIGHT ANGEL CONNECTION GLASS TUBE;انابيب
3/25/002;زجاجة تفريغ 250 مل;المستلزمات والزجاجيات;ASPIRATOR BOTTLE;زجاجات
3/25/003;انبوبة احتراق زئبق;المستلزمات والزجاجيات;MERCURY BURNING TUB;انابيب
3/25/101;اسطوانة زجاجية مفتوحةالطرفين ل=30سم ق4;المستلزمات والزجاجيات;TWO END OPEN GLASS TUB;ادوات
3/25/102;انابيب احتراق ( بجدار سميك );المستلزمات والزجاجيات;IGNITION TUBS ( HEAVEY WALL );انابيب
3/25/103;انابيب اختبار بيركس 125×15مم;المستلزمات والزجاجيات;PYREX TEST TUBES 125 MM×15MM;انابيب
3/25/104;انابيب اختبار بيركس 150×25مم;المستلزمات والزجاجيات;PYREX TEST TUBES 150 MM×25MM;انابيب
3/25/105;انابيب اختبار بيركس 200×32مم;المستلزمات والزجاجيات;PYREX TEST TUBES 200 MM×32MM;انابيب
3/25/106;انابيب اختبار زجاج 75×10مم;المستلزمات والزجاجيات;GLASS TEST TUBES  75 MM×10MM;انابيب
3/25/107;انابيب اختبار زجاج 120×15مم;المستلزمات والزجاجيات;GLASS TEST TUBES  120 MM×15MM;انابيب
3/25/108;انابيب امتصاص (تجفيف ) بوسطها انتفاخ;المستلزمات والزجاجيات;STRAIGHT ABSORPTION TUBES;انابيب
3/25/109;انابيب امتصاص (تجفيف ) على شكل U;المستلزمات والزجاجيات;U-FORM ABSORPTION TUBES;انابيب
3/25/110;انابيب بارومترية;المستلزمات والزجاجيات;BAROMETRIC TUBES;انابيب
3/25/1106;اناب?ب اختبار ( 16 مم × 200 مم );المستلزمات والزجاجيات;GLASS TEST TUBES;انابيب
3/25/111;انابيب ترمومترية فارغة;المستلزمات والزجاجيات;THERMOMETRIC TUBES;انابيب
3/25/112;انابيب توصيل شكل T;المستلزمات والزجاجيات;T-FORM CONNECTOR TUBES;انابيب
3/25/113;انابيب توصيل شكل Y;المستلزمات والزجاجيات;Y-FORM CONNECTOR  TUBES;انابيب
3/25/114;انابيب زجاجية للتوصيلات (ق=10:5مم);المستلزمات والزجاجيات;GLASS CONNECTOR  TUBES;انابيب
3/25/115;انابيب شعرية بمقاسات مختلفة;المستلزمات والزجاجيات;CAPILLARY  TUBES;انابيب
3/25/116;انابيب ملتوية;المستلزمات والزجاجيات;LANTANA  TUBES;انابيب
3/25/117;انبوبة قياس حجم الغاز سعة 50مل;المستلزمات والزجاجيات;GAS VOLUME MEASURING TUBE 50 ML;انابيب
3/25/1176;قطارة زجاجية ? مل بالماصة;المستلزمات والزجاجيات;DROPPING PIPETTE;زجاجات
3/25/118;بلاط بورسلان;المستلزمات والزجاجيات;PORCELAIN  SLAB;ادوات
3/25/1182;زجاجة ساعة;المستلزمات والزجاجيات;WATH GLASSES;زجاجات
3/25/119;بلاط زجاج;المستلزمات والزجاجيات;GLASS SLAB;ادوات
3/25/120;بوتقة خزفية بغطاء طويلة;المستلزمات والزجاجيات;CRUCIBLE - HIGH FORM;ادوات
3/25/121;بوتقة خزفية بغطاء قصيرة;المستلزمات والزجاجيات;CRUCIBLE - LOW FORM;ادوات
3/25/122;جفنة خزفية سعة 175مل;المستلزمات والزجاجيات;PORCELAIN BASIN EVAPORATING;ادوات
3/25/123;جفنة زجاجية سعة 125مل;المستلزمات والزجاجيات;GLASS BASIN EVAPORATING 125 ML;ادوات
3/25/124;جفنة زجاجية سعة250مل;المستلزمات والزجاجيات;GLASS BASIN EVAPORATING 250 ML;ادوات
3/25/125;حوض خزفي للزئبق;المستلزمات والزجاجيات;MERCURY TROUGH;ادوات
3/25/126;حوض زجاجي لتحضير الغازات;المستلزمات والزجاجيات;PNEUMATIC TROUGH;ادوات
3/25/1262;كأس مدرج 100 مل;المواد الكيميائية;BEAKER WITH SPOUT;كؤوس
3/25/1263;كأس مدرج 100 مل;المواد الكيميائية;BEAKER WITH SPOUT;كؤوس
3/25/127;دورق ايرلينمير مخروطي ضيق الفوهة  25مل;المستلزمات والزجاجيات;ERLENMEYER FLASK - NARROW MOUTH 25 ML;دوارق
3/25/128;دورق ايرلينمير مخروطي ضيق الفوهة  50مل;المستلزمات والزجاجيات;ERLENMEYER FLASK - NARROW MOUTH 50 ML;دوارق
3/25/129;دورق ايرلينمير مخروطي ضيق الفوهة  100مل;المستلزمات والزجاجيات;ERLENMEYER FLASK - NARROW MOUTH 100 ML;دوارق
3/25/130;دورق ايرلينمير مخروطي ضيق الفوهة  250مل;المستلزمات والزجاجيات;ERLENMEYER FLASK - NARROW MOUTH 250 ML;دوارق
3/25/131;دورق ايرلينمير مخروطي ضيق الفوهة  500مل;المستلزمات والزجاجيات;ERLENMEYER FLASK - NARROW MOUTH 500 ML;دوارق
3/25/132;دورق ايرلينمير مخروطي ضيق الفوهة  1لتر;المستلزمات والزجاجيات;ERLENMEYER FLASK - NARROW MOUTH 1000 ML;دوارق
3/25/133;دورق ايرلينمير مخروطي واسع الفوهة  100مل;المستلزمات والزجاجيات;ERLENMEYER FLASK - WIDE MOUTH 100 ML;دوارق
3/25/134;دورق ايرلينمير مخروطي واسع الفوهة  250مل;المستلزمات والزجاجيات;ERLENMEYER FLASK - WIDE MOUTH 250 ML;دوارق
3/25/135;دورق ايرلينمير مخروطي واسع الفوهة  500مل;المستلزمات والزجاجيات;ERLENMEYER FLASK - WIDE MOUTH 500 ML;دوارق
3/25/136;دورق ايرلينمير مخروطي واسع الفوهة  1لتر;المستلزمات والزجاجيات;ERLENMEYER FLASK - WIDE MOUTH 1000 ML;دوارق
3/25/137;دورق ترشيح سعة 500 مل;المستلزمات والزجاجيات;FILTERING FLASK 500 ML;دوارق
3/25/138;دورق ترشيح سعة 100مل;المستلزمات والزجاجيات;FILTERING FLASK 100 ML;دوارق
3/25/139;دورق تقطير سعة 500مل;المستلزمات والزجاجيات;DISTILING FLASK 500 ML;دوارق
3/25/140;دورق تقطير سعة 1لتر;المستلزمات والزجاجيات;DISTILING FLASK 1000 ML;دوارق
3/25/141;دورق عياري بغطاء سعة 10 مل;المستلزمات والزجاجيات;VOLUMETRIC FLASK WITH STOPPER 10 ML;دوارق
3/25/142;دورق عياري بغطاء سعة  50مل;المستلزمات والزجاجيات;VOLUMETRIC FLASK WITH STOPPER 50 ML;دوارق
3/25/143;دورق عياري بغطاء سعة  100مل;المستلزمات والزجاجيات;VOLUMETRIC FLASK WITH STOPPER 100 ML;دوارق
3/25/144;دورق عياري بغطاء سعة 250 مل;المستلزمات والزجاجيات;VOLUMETRIC FLASK WITH STOPPER 250 ML;دوارق
3/25/145;دورق عياري بغطاء سعة  500مل;المستلزمات والزجاجيات;VOLUMETRIC FLASK WITH STOPPER 500 ML;دوارق
3/25/146;دورق عياري بغطاء سعة 1لتر;المستلزمات والزجاجيات;VOLUMETRIC FLASK WITH STOPPER 1000 ML;دوارق
3/25/147;دورق كالداهل;المستلزمات والزجاجيات;KJEDHAL FLASK;دوارق
3/25/148;دورق مخروطي مدرج سعة 125 مل;المستلزمات والزجاجيات;GRADUATED CONICAL FLASK 125 ML;دوارق
3/25/149;دورق مخروطي مدرج سعة 300 مل;المستلزمات والزجاجيات;GRADUATED CONICAL FLASK 300 ML;دوارق
3/25/150;دورق مستدير القاع رقبتة طويلة 250مل;المستلزمات والزجاجيات;ROUND BOTTOM FLASK- LONG NECK 250 ML;دوارق
3/25/151;دورق مستدير القاع رقبتة طويلة 300مل;المستلزمات والزجاجيات;ROUND BOTTOM FLASK- LONG NECK 300 ML;دوارق
3/25/152;دورق مستدير القاع رقبته طويلة 500مل;المستلزمات والزجاجيات;ROUND BOTTOM FLASK- LONG NECK 500 ML;دوارق
3/25/153;دورق مستدير القاع رقبتة طويلة 1لتر;المستلزمات والزجاجيات;ROUND BOTTOM FLASK- LONG NECK 1000 ML;دوارق
3/25/154;دورق مستدير القاع رقبته قصيرة  250مل;المستلزمات والزجاجيات;ROUND BOTTOM FLASK- SHORT NECK 250 ML;دوارق
3/25/155;دورق مستدير القاع رقبته قصيرة 300 مل;المستلزمات والزجاجيات;ROUND BOTTOM FLASK- SHORT NECK 300 ML;دوارق
3/25/156;دورق مستدير القاع رقبته قصيرة  500 مل;المستلزمات والزجاجيات;ROUND BOTTOM FLASK- SHORT NECK 500 ML;دوارق
3/25/157;دورق مستدير القاع رقبته قصيرة  1 لتر;المستلزمات والزجاجيات;ROUND BOTTOM FLASK- SHORT NECK 1000ML;دوارق
3/25/158;دورق مستدير القاع ذو ثلاث فوهات 500مل;المستلزمات والزجاجيات;ROUND BOTTOM FLASK- THREE NECK 500 ML;دوارق
3/25/159;دورق مفلطح القاع رقبته طويلة  100 مل;المستلزمات والزجاجيات;FLAT BOTTOM FLASK- LONG NECK 100 ML;دوارق
3/25/160;دورق مفلطح القاع رقبته طويلة  250 مل;المستلزمات والزجاجيات;FLAT BOTTOM FLASK- LONG NECK 250 ML;دوارق
3/25/161;دورق مفلطح القاع رقبته طويلة  500 مل;المستلزمات والزجاجيات;FLAT BOTTOM FLASK- LONG NECK 500 ML;دوارق
3/25/162;دورق مفلطح القاع رقبته طويلة  1لتر;المستلزمات والزجاجيات;FLAT BOTTOM FLASK- LONG NECK 1000 ML;دوارق
3/25/163;دورق مفلطح القاع رقبته قصيرة 100 مل;المستلزمات والزجاجيات;FLAT BOTTOM FLASK- SHORT NECK 100 ML;دوارق
3/25/164;دورق مفلطح القاع رقبته قصيرة 250  مل;المستلزمات والزجاجيات;FLAT BOTTOM FLASK- SHORT NECK 250 ML;دوارق
3/25/165;دورق مفلطح القاع رقبته قصيرة  500 مل;المستلزمات والزجاجيات;FLAT BOTTOM FLASK- SHORT NECK 500 ML;دوارق
3/25/166;دورق مفلطح القاع رقبته قصيرة  1لتر;المستلزمات والزجاجيات;FLAT BOTTOM FLASK- SHORT NECK 1000 ML;دوارق
3/25/167;زجاجة  املاح بنية بفوهه واسعه وغطاء 100 مل;المستلزمات والزجاجيات;AMBER REAGENT BOTTLE - WIDE MOUTH WITH CAP 100 ML;زجاجات
3/25/168;زجاجة  املاح بنية بفوهه واسعه وغطاء 250 مل;المستلزمات والزجاجيات;AMBER REAGENT BOTTLE - WIDE MOUTH WITH CAP 250 ML;زجاجات
3/25/169;زجاجة  املاح بنية بفوهه واسعه وغطاء  500 مل;المستلزمات والزجاجيات;AMBER REAGENT BOTTLE - WIDE MOUTH WITH CAP 500 ML;زجاجات
3/25/170;زجاجة  املاح بنية بفوهه واسعه وغطاء  1 لتر;المستلزمات والزجاجيات;AMBER REAGENT BOTTLE - WIDE MOUTH WITH CAP 1000 ML;زجاجات
3/25/171;زجاجة  املاح بيضاء بفوهه واسعه وغطاء 100 مل;المستلزمات والزجاجيات;SODA REAGENT BOTTLE - WIDE MOUTH WITH CAP 100 ML;زجاجات
3/25/172;زجاجة  املاح بيضاء بفوهه واسعه وغطاء 250 مل;المستلزمات والزجاجيات;SODA REAGENT BOTTLE - WIDE MOUTH WITH CAP 250 ML;زجاجات
3/25/173;زجاجة  املاح بيضاء بفوهه واسعه وغطاء 500 مل;المستلزمات والزجاجيات;SODA REAGENT BOTTLE - WIDE MOUTH WITH CAP 500 ML;زجاجات
3/25/174;زجاجة  املاح بيضاء بفوهه واسعه وغطاء 1 لتر;المستلزمات والزجاجيات;SODA REAGENT BOTTLE - WIDE MOUTH WITH CAP 1000 ML;زجاجات
3/25/175;زجاجة بلاستك بغطاء سعة 1 لتر;المستلزمات والزجاجيات;PLASTIC BOTTLE WITH CAP 1 LITER;زجاجات
3/25/176;زجاجة بنية بقطارة سعة  50مل;المستلزمات والزجاجيات;AMBER BOTTLE WITH PIPETTE 50 ML;زجاجات
3/25/177;زجاجة بنية بقطارة سعة  60مل;المستلزمات والزجاجيات;AMBER BOTTLE WITH PIPETTE 60 ML;زجاجات
3/25/178;زجاجة بيضاء بقطارة سعة 50مل;المستلزمات والزجاجيات;SODA BOTTLE WITH PIPETTE 50 ML;زجاجات
3/25/179;زجاجة بيضاء بقطارة سعة 60مل;المستلزمات والزجاجيات;SODA BOTTLE WITH PIPETTE 60 ML;زجاجات
3/25/180;زجاجة ساعة قطر   6سم;المستلزمات والزجاجيات;WATH GLASSES 6 CM;زجاجات
3/25/181;زجاجة ساعة قطر   8سم;المستلزمات والزجاجيات;WATH GLASSES 8 CM;زجاجات
3/25/182;زجاجة ساعة قطر 10سم;المستلزمات والزجاجيات;WATH GLASSES 10 CM;زجاجات
3/25/183;زجاجة محاليل بنية بفوهه ضيقة وغطاء 100 مل;المستلزمات والزجاجيات;AMBER REAGENT BOTTLE - NARROW MOUTH WITH CAP;زجاجات
3/25/184;زجاجة محاليل بنية بفوهه ضيقة وغطاء 250 مل;المستلزمات والزجاجيات;AMBER REAGENT BOTTLE - NARROW MOUTH WITH CAP;زجاجات
3/25/185;زجاجة محاليل بنية بفوهه ضيقة وغطاء 500 مل;المستلزمات والزجاجيات;AMBER REAGENT BOTTLE - NARROW MOUTH WITH CAP;زجاجات
3/25/186;زجاجة محاليل بنية بفوهه ضيقة وغطاء 1 لتر;المستلزمات والزجاجيات;AMBER REAGENT BOTTLE - NARROW MOUTH WITH CAP;زجاجات
3/25/187;زجاجة محاليل بيضاء بفوهه ضيقة وغطاء 100 مل;المستلزمات والزجاجيات;SODA REAGENT BOTTLE - NARROW MOUTH WITH CAP;زجاجات
3/25/188;زجاجة محاليل بيضاء بفوهه ضيقة وغطاء 250 مل;المستلزمات والزجاجيات;SODA REAGENT BOTTLE - NARROW MOUTH WITH CAP;زجاجات
3/25/189;زجاجة محاليل بيضاء بفوهه ضيقة وغطاء 500 مل;المستلزمات والزجاجيات;SODA REAGENT BOTTLE - NARROW MOUTH WITH CAP;زجاجات
3/25/190;زجاجة محاليل بيضاء بفوهه ضيقة وغطاء 1 لتر;المستلزمات والزجاجيات;SODA REAGENT BOTTLE - NARROW MOUTH WITH CAP;زجاجات
3/25/191;زجاجة وزن;المستلزمات والزجاجيات;WEIGHING BOTTLE;زجاجات
3/25/192;زجاجة وولف برقبتين سعة 250 مل;المستلزمات والزجاجيات;WOULF BOTTLE- TWO NECK 250 ML;زجاجات
3/25/193;زجاجة وولف برقبتين سعة  500 مل;المستلزمات والزجاجيات;WOULF BOTTLE- TWO NECK 500 ML;زجاجات
3/25/194;زجاجة وولف برقبتين سعة 1لتر;المستلزمات والزجاجيات;WOULF BOTTLE- TWO NECK 1 LITER;زجاجات
3/25/195;زجاجة وولف بثلاث رقبات سعة 250 مل;المستلزمات والزجاجيات;WOULF BOTTLE- THREE NECK 250 ML;زجاجات
3/25/196;زجاجة وولف بثلاث رقبات سعة 500 مل;المستلزمات والزجاجيات;WOULF BOTTLE- THREE NECK 500 ML;زجاجات
3/25/197;زجاجة وولف ثلاث رقبات سعة  1 لتر;المستلزمات والزجاجيات;WOULF BOTTLE- THREE NECK;زجاجات
3/25/198;سحاحة 50مل بصنبور احادي الفتحة مستقيم;المستلزمات والزجاجيات;BURETTE - SINGLE STRAIGHT BORE 50 ML;سحاحات
3/25/199;سحاحة 50مل بصنبور ثنائي الفتحة;المستلزمات والزجاجيات;BURETTE - DOUBLE OBLIQUE BORE 50 ML;سحاحات
3/25/200;شرائح للمجهر بدون تجويف;المستلزمات والزجاجيات;MICROSCOPE SLIDE WITHOUT CONCAVITY;ادوات
3/25/201;شرائح للمجهر بوسطها  تجويف;المستلزمات والزجاجيات;MICROSCOPE SLIDE WITH CONCAVITY;ادوات
3/25/202;طبق بتري زجاجي بغطاء ق9سم;المستلزمات والزجاجيات;PETRI DISH WITH COVER;اطباق
3/25/203;طبق بتري زجاجي بغطاء ق10سم;المستلزمات والزجاجيات;PETRI DISH WITH COVER;اطباق
3/25/204;طبق بلورات;المستلزمات والزجاجيات;CRYSTALLIZING BASIN;اطباق
3/25/205;طبق تبخير;المستلزمات والزجاجيات;EVAPORATING BASIN;اطباق
3/25/206;غطاء للشرائح المجهرية;المستلزمات والزجاجيات;MICROSCOPE SLIDE COVER;ادوات
3/25/207;غطاء مخابير جمع الغازات;المستلزمات والزجاجيات;GAS JARS COVER;ادوات
3/25/208;فلاسكة خاصة  بقمع بخنر;المستلزمات والزجاجيات;RUBBER CONE;ادوات
3/25/209;قارورة حفظ العينات;المستلزمات والزجاجيات;CULTURE BOTTLE;ادوات
3/25/210;قارورة غسيل من الزجاج;المستلزمات والزجاجيات;GLASS WASH BOTTLE;ادوات
3/25/211;قارورة غسيل كاملة من البولثين 500مل;المستلزمات والزجاجيات;WASH BOTTLE;ادوات
3/25/212;قبابة جولي;المستلزمات والزجاجيات;JOLLY'S AIR BULB;ادوات
3/25/213;قضيب زجاجي مسمط ل25سم . ق8.;المستلزمات والزجاجيات;GLASS ROD;ادوات
3/25/214;قضيب للتقليب زجاجي;المستلزمات والزجاجيات;GLASS STIRRING ROD;ادوات
3/25/215;قعب فخار;المستلزمات والزجاجيات;BEEHIVE SHELF;اقماع
3/25/216;قمع بخنر;المستلزمات والزجاجيات;BUCHNER FUNNEL;اقماع
3/25/217;قمع بلاستك ق8سم;المستلزمات والزجاجيات;PLASTIC FUNNEL;اقماع
3/25/218;قمع بلاستك ق12سم;المستلزمات والزجاجيات;PLASTIC FUNNEL;اقماع
3/25/219;قمع ترشيح زجاجي بساق طويلة ق7.5سم;المستلزمات والزجاجيات;FILTER FUNNEL - LONG STEM;اقماع
3/25/220;قمع ترشيح زجاجي بساق طويلة ق12;المستلزمات والزجاجيات;FILTER FUNNEL - LONG STEM;اقماع
3/25/221;قمع ترشيح زجاجي بساق طويلة ق15;المستلزمات والزجاجيات;FILTER FUNNEL - LONG STEM;اقماع
3/25/222;قمع ترشيح زجاجي بساق قصير بساق ق7.5سم;المستلزمات والزجاجيات;FILTER FUNNEL - SHORT STEM;اقماع
3/25/223;قمع ترشيح زجاجي بساق فصير بساق ق12سم;المستلزمات والزجاجيات;FILTER FUNNEL - SHORT STEM;اقماع
3/25/224;قمع ترشيح زجاجي بساق قصير بساق ق15سم;المستلزمات والزجاجيات;FILTER FUNNEL - SHORT STEM;اقماع
3/25/225;قمع تعبئة زجاجي;المستلزمات والزجاجيات;POWDER FUNNEL;اقماع
3/25/226;قمع زهرة الحسك بساق طويلة;المستلزمات والزجاجيات;THISTLE FUNNEL - LONG STEM;اقماع
3/25/227;قمع زهرة الحسك بكرتي امان;المستلزمات والزجاجيات;THISTLE SAFTEY FUNNEL;اقماع
3/25/228;قمع فصل اسطواني مفتوح من اعلى 100مل;المستلزمات والزجاجيات;CYLINDRICAL SEPARATING FUNNEL;اقماع
3/25/229;قمع فصل اسطواني مفتوح من اعلى 250مل;المستلزمات والزجاجيات;CYLINDRICAL SEPARATING FUNNEL;اقماع
3/25/230;قمع فصل اسطواني مفتوح من اعلى 500مل;المستلزمات والزجاجيات;CYLINDRICAL SEPARATING FUNNEL;اقماع
3/25/231;قمع فصل اسطواني مفتوح من اعلى   1  لتر;المستلزمات والزجاجيات;CYLINDRICAL SEPARATING FUNNEL;اقماع
3/25/232;قمع فصل كمثري الشكل بغطاء 250مل;المستلزمات والزجاجيات;SEPARATING FUNEL - PEAR SHAPED;اقماع
3/25/233;قمع فصل كمثري الشكل بغطاء 500مل;المستلزمات والزجاجيات;SEPARATING FUNEL - PEAR SHAPED;اقماع
3/25/234;قمع فصل كمثري الشكل بغطاء 1 لتر;المستلزمات والزجاجيات;SEPARATING FUNEL - PEAR SHAPED;اقماع
3/25/235;قمع لملء الانابيب البارومترية;المستلزمات والزجاجيات;THISTLE FUNNEL;اقماع
3/25/236;قنطرة زجاجية لجمع الغازات;المستلزمات والزجاجيات;ABDUCTION TUBE;ادوات
3/25/237;قنينة كثافة غير معايرة 25مل;المستلزمات والزجاجيات;DENSITY BOTTLE NOT VOLUMETRIC;ادوات
3/25/238;قنينة كثافة غير معايرة 50مل;المستلزمات والزجاجيات;DENSITY BOTTLE NOT VOLUMETRIC;ادوات
3/25/239;قنينة كثافة معايرة;المستلزمات والزجاجيات;DENSITY BOTTLE VOLUMETRIC;ادوات
3/25/240;كاس طويل بدون شفة سعة 100مل;المستلزمات والزجاجيات;LONG BEAKER WITHOUT SPOUT;كؤوس
3/25/241;كاس طويل بدون شفة سعة 250مل;المستلزمات والزجاجيات;LONG BEAKER WITHOUT SPOUT;كؤوس
3/25/242;كاس طويل بدون شفة سعة 500مل;المستلزمات والزجاجيات;LONG BEAKER WITHOUT SPOUT;كؤوس
3/25/243;كاس طويل بدون شفة سعة 600مل;المستلزمات والزجاجيات;LONG BEAKER WITHOUT SPOUT;كؤوس
3/25/244;كاس طويل بدون شفة سعة 1 لتر;المستلزمات والزجاجيات;LONG BEAKER WITHOUT SPOUT;كؤوس
3/25/245;كاس طويل بشفة سعة 100مل;المستلزمات والزجاجيات;LONG BEAKER WITH SPOUT;كؤوس
3/25/246;كاس طويل بشفة سعة 250مل;المستلزمات والزجاجيات;LONG BEAKER WITH SPOUT;كؤوس
3/25/247;كاس طويل بشفة سعة 500مل;المستلزمات والزجاجيات;LONG BEAKER WITH SPOUT;كؤوس
3/25/248;كاس طويل بشفة سعة 1 لتر;المستلزمات والزجاجيات;LONG BEAKER WITH SPOUT;كؤوس
3/25/249;كاس قصير بدون شفة سعة 50مل;المستلزمات والزجاجيات;SHORT BEAKER WITHOUT SPOUT;كؤوس
3/25/250;كاس قصير بدون شفة سعة 100مل;المستلزمات والزجاجيات;SHORT BEAKER WITHOUT SPOUT;كؤوس
3/25/251;كاس قصير بدون شفة سعة 250مل;المستلزمات والزجاجيات;SHORT BEAKER WITHOUT SPOUT;كؤوس
3/25/252;كاس قصير بدون شفة سعة 500مل;المستلزمات والزجاجيات;SHORT BEAKER WITHOUT SPOUT;كؤوس
3/25/253;كاس قصير بدون شفة سعة 1 لتر;المستلزمات والزجاجيات;SHORT BEAKER WITHOUT SPOUT;كؤوس
3/25/254;كاس قصير بشفة سعة 50مل;المستلزمات والزجاجيات;SHORT BEAKER WITH SPOUT;كؤوس
3/25/255;كاس قصير بشفة سعة 100مل;المستلزمات والزجاجيات;SHORT BEAKER WITH SPOUT;كؤوس
3/25/256;كاس قصير بشفة سعة 250مل;المستلزمات والزجاجيات;SHORT BEAKER WITH SPOUT;كؤوس
3/25/257;كاس قصير بشفة سعة 500مل;المستلزمات والزجاجيات;SHORT BEAKER WITH SPOUT;كؤوس
3/25/258;كاس قصير بشفة سعة 1 لتر;المستلزمات والزجاجيات;SHORT BEAKER WITH SPOUT;كؤوس
3/25/259;كاس قصير مدرج بشفة سعة 250مل;المستلزمات والزجاجيات;SHORT BEAKER WITH SPOUT;كؤوس
3/25/260;كاس قصير مدرج بشفة سعة 500مل;المستلزمات والزجاجيات;SHORT BEAKER WITH SPOUT;كؤوس
3/25/261;كاس مخروطي سعة 250مل;المستلزمات والزجاجيات;CONICAL BEAKER;كؤوس
3/25/262;كاس مخروطي سعة 500 مل;المستلزمات والزجاجيات;CONICAL BEAKER;كؤوس
3/25/263;ماصة بعلامة سعة 5 مل;المستلزمات والزجاجيات;VOLUMETRIC PIPETTE;ماصات
3/25/264;ماصة بعلامة سعة 10 مل;المستلزمات والزجاجيات;VOLUMETRIC PIPETTE;ماصات
3/25/265;ماصة بعلامة سعة 25 مل;المستلزمات والزجاجيات;VOLUMETRIC PIPETTE;ماصات
3/25/266;ماصة بعلامة سعة 50 مل;المستلزمات والزجاجيات;VOLUMETRIC PIPETTE;ماصات
3/25/267;ماصة طرفها منحنى سعة 10مل;المستلزمات والزجاجيات;PIPETTE WITH ROUND HEAD;ماصات
3/25/268;ماصة مدرجة سعة 1 مل;المستلزمات والزجاجيات;GRADUATED PIPETTE;ماصات
3/25/269;ماصة مدرجة سعة 2 مل;المستلزمات والزجاجيات;GRADUATED PIPETTE;ماصات
3/25/270;ماصة مدرجة سعة 5 مل;المستلزمات والزجاجيات;GRADUATED PIPETTE;ماصات
3/25/271;ماصة مدرجة سعة 10 مل;المستلزمات والزجاجيات;GRADUATED PIPETTE;ماصات
3/25/272;مجفف بغطاء;المستلزمات والزجاجيات;DESSICATOR;ادوات
3/25/273;مخبار جمع غازات طوله 250 مم;المستلزمات والزجاجيات;GAS JAR;مخابير
3/25/274;مخبار جمع غازات طوله 300 مم;المستلزمات والزجاجيات;GAS JAR;مخابير
3/25/275;مخبار متحف;المستلزمات والزجاجيات;MUSEUM JAR;مخابير
3/25/276;مخبار زجاجي مدرج سعة 10مل;المستلزمات والزجاجيات;GLASS GRADUATED CYLINDER;مخابير
3/25/277;مخبار زجاجي مدرج سعة 25مل;المستلزمات والزجاجيات;GLASS GRADUATED CYLINDER;مخابير
3/25/278;مخبار زجاجي مدرج سعة 50مل;المستلزمات والزجاجيات;GLASS GRADUATED CYLINDER;مخابير
3/25/279;مخبار زجاجي مدرج سعة 100مل;المستلزمات والزجاجيات;GLASS GRADUATED CYLINDER;مخابير
3/25/280;مخبار زجاجي مدرج سعة 250مل;المستلزمات والزجاجيات;GLASS GRADUATED CYLINDER;مخابير
3/25/281;مخبار زجاجي مدرج سعة 500مل;المستلزمات والزجاجيات;GLASS GRADUATED CYLINDER;مخابير
3/25/282;مخبار زجاجي مدرج سعة 1 لتر;المستلزمات والزجاجيات;GLASS GRADUATED CYLINDER;مخابير
3/25/283;مخبار بولي مثيل بنتين مدرج سعة 10مل;المستلزمات والزجاجيات;POLYTHENE GRADUATED CYLINDER;مخابير
3/25/284;مخبار بولي مثيل بنتين مدرج سعة 25مل;المستلزمات والزجاجيات;POLYTHENE GRADUATED CYLINDER;مخابير
3/25/285;مخبار بولي مثيل بنتين مدرج سعة 50مل;المستلزمات والزجاجيات;POLYTHENE GRADUATED CYLINDER;مخابير
3/25/286;مخبار بولي مثيل بنتين مدرج سعة 100مل;المستلزمات والزجاجيات;POLYTHENE GRADUATED CYLINDER;مخابير
3/25/287;مخبار بولي مثيل بنتين مدرج سعة 250مل;المستلزمات والزجاجيات;POLYTHENE GRADUATED CYLINDER;مخابير
3/25/288;مخبار بولي مثيل بنتين مدرج سعة 500مل;المستلزمات والزجاجيات;POLYTHENE GRADUATED CYLINDER;مخابير
3/25/289;مخبار بولي مثيل بنتين سعة 1 لتر;المستلزمات والزجاجيات;POLYTHENE GRADUATED CYLINDER;مخابير
3/25/290;مخبار غير مدرج سعة 10مل;المستلزمات والزجاجيات;NON GRADUATED CYLINDER;مخابير
3/25/291;مخبار غير مدرج سعة 25مل;المستلزمات والزجاجيات;NON GRADUATED CYLINDER;مخابير
3/25/292;مخبار غير مدرج سعة 50مل;المستلزمات والزجاجيات;NON GRADUATED CYLINDER;مخابير
3/25/293;مخبار غير مدرج سعة 100مل;المستلزمات والزجاجيات;NON GRADUATED CYLINDER;مخابير
3/25/294;مخبار غير مدرج سعة 250مل;المستلزمات والزجاجيات;NON GRADUATED CYLINDER;مخابير
3/25/295;مخبار غير مدرج سعة 500مل;المستلزمات والزجاجيات;NON GRADUATED CYLINDER;مخابير
3/25/296;مخبار غير مدرج سعة 1 لتر;المستلزمات والزجاجيات;NON GRADUATED CYLINDER;مخابير
3/25/297;معوجة بسدادة سعة 500مل;المستلزمات والزجاجيات;RETORT STOPPERED;ادوات
3/25/298;مكثف ليبنج بطول مؤثر 350مم;المستلزمات والزجاجيات;LIEBIG CONDENSER;ادوات
3/25/299;مكثف ليبنج بطول مؤثر 500مم;المستلزمات والزجاجيات;LIEBIG CONDENSER;ادوات
3/25/300;مكثف ملف;المستلزمات والزجاجيات;GRAHAM CONDENSER;ادوات
3/25/301;ممص هوائي سعة 3 لتر;المستلزمات والزجاجيات;ASPIRATOR BOTTLE;ادوات
3/25/302;ممص هوائي سعة 5 لتر;المستلزمات والزجاجيات;ASPIRATOR BOTTLE;ادوات
3/25/303;ناقوس;المستلزمات والزجاجيات;BELL JAR;ادوات
3/25/304;ناقوس مدرج;المستلزمات والزجاجيات;GRADUATED BELL JAR;ادوات
3/25/305;هاون خزفي بيد (مدق) قطر70مم;المستلزمات والزجاجيات;PORCELAIN MORTAR AND PESTLE;ادوات
3/25/306;هاون خزفي بيد (مدق) قطر 140مم;المستلزمات والزجاجيات;PORCELAIN MORTAR AND PESTLE;ادوات
3/25/307;انابيب اختبار بيركس 16مم;المستلزمات والزجاجيات;PYREX TEST TUBES;انابيب
3/25/308;كاس زجاجي;المستلزمات والزجاجيات;GLASS BEAKER;كؤوس
3/25/309;قمع ترشيح;المستلزمات والزجاجيات;FILTERING FUNNEL;اقماع
3/26/000;بطارية جافة 1.5 فولت;المستلزمات والزجاجيات;DRY BATTERY;ادوات
3/26/001;مصباح للضوء;المستلزمات والزجاجيات;LIGHT LAMP;اجهزة
3/26/002;كرات رصاص;المستلزمات والزجاجيات;LEAD BALLS;ادوات
3/26/003;سلك نحاس لعمل ملف كهربي;المستلزمات والزجاجيات;COPPER WIRE;ادوات
3/26/004;موقد كحولي;المستلزمات والزجاجيات;ALCOHOL BURNER;ادوات
3/26/005;مصباح ذيل السمكة;المستلزمات والزجاجيات;FISHTAIL BURNER;ادوات
3/26/101;ابريق بلاستيك بشفة;المستلزمات والزجاجيات;PLASTIC JUG HAVING SPOUT;ادوات
3/26/102;اسطوانة خشبية;المستلزمات والزجاجيات;WOOD CYLINDER;ادوات
3/26/103;اسلاك مختلفة المقاسات;المستلزمات والزجاجيات;WIRES;ادوات
3/26/104;اكواب صغيرة - كرات - مثلثات سميكة;المستلزمات والزجاجيات;SMALL CUP - BALLS - TRIANGLES;ادوات
3/26/105;اكواب ماء بلاستيك شفاف غير ملون;المستلزمات والزجاجيات;PLASTIC WATER CUPS;ادوات
3/26/106;اكواب ماء زجاج غير ملون;المستلزمات والزجاجيات;COLORED GLASS WATER CUPS;ادوات
3/26/107;انبوبة معدنية حرف Y للتوصيل;المستلزمات والزجاجيات;Y- SHAPE CONNECTION TUBE;انابيب
3/26/108;انبوبة مطاط للتوصيل;المستلزمات والزجاجيات;RUBBER CONNECTION TUBE;انابيب
3/26/109;انبوبة مطاط لمصباح بنزن;المستلزمات والزجاجيات;RUBBER TUBE FOR BUNSEN BURNER;انابيب
3/26/110;انبيق للتقطير;المستلزمات والزجاجيات;LIEBIG CONDENSER;انابيب
3/26/111;اوراق عنونة لاصقة;المستلزمات والزجاجيات;SELF ADHESIVE LABELS;ادوات
3/26/112;بطارية جافة 4.5 فولت;المستلزمات والزجاجيات;DRY BATTERY 4.5 VOLTE;ادوات
3/26/113;بطارية جافة 6 فولت;المستلزمات والزجاجيات;DRY BATTERY 6 VOLTE;ادوات
3/26/114;بلاستيسين;المستلزمات والزجاجيات;PLASISTIN;ادوات
3/26/115;بنورات او براجون;المستلزمات والزجاجيات;GLASS BALLS;ادوات
3/26/116;بوري فم;المستلزمات والزجاجيات;BLOWPIPE;ادوات
3/26/117;ثاقب فلين ( مجموعة من 3 قطع );المستلزمات والزجاجيات;CORK BORER;ادوات
3/26/118;ثاقب فلين ( مجموعة من 6 قطع );المستلزمات والزجاجيات;CORK BORER;ادوات
3/26/119;ثاقب فلين ( مجموعة من 12 قطع );المستلزمات والزجاجيات;CORK BORER;ادوات
3/26/120;ثاقب قوالب فحم;المستلزمات والزجاجيات;CHARCOAL BORER;ادوات
3/26/121;حامل انابيب اختبار لعدد 6;المستلزمات والزجاجيات;TEST TUBES STAND;حوامل
3/26/122;حامل انابيب اختبار لعدد 12;المستلزمات والزجاجيات;TEST TUBES STAND;حوامل
3/26/123;حامل اقماع;المستلزمات والزجاجيات;FUNNELS STAND;حوامل
3/26/124;حامل بطارية جافة كبيرة;المستلزمات والزجاجيات;DRY BATTERY HOLDER D SIZE;حوامل
3/26/125;حامل تجارب  النوابض;المستلزمات والزجاجيات;SPRING STAND;حوامل
3/26/126;حامل سحاحة;المستلزمات والزجاجيات;BURETTE HOLDER;حوامل
3/26/127;حامل قمع ترشيح;المستلزمات والزجاجيات;FILTERING FUNNEL HOLDER;حوامل
3/26/128;حامل ماصات ( 12 ماصة );المستلزمات والزجاجيات;PIPETTE STAND;حوامل
3/26/129;حامل ماصات ( 24 ماصة );المستلزمات والزجاجيات;PIPETTE STAND;حوامل
3/26/130;حامل مثلث حديدى لمصباح بنزن;المستلزمات والزجاجيات;TRIANGULER TRIPOD STAND;حوامل
3/26/131;حامل معوجة كامل بالركبة والماسك والحلقتين;المستلزمات والزجاجيات;RETORT STAND;حوامل
3/26/132;حمام رملي;المستلزمات والزجاجيات;SAND BATH;ادوات
3/26/133;حمام مائي بفتحة واحدة;المستلزمات والزجاجيات;WATER BATH;ادوات
3/26/134;خرز صغير شفاف ملون;المستلزمات والزجاجيات;SMALL COLORED BEADS;ادوات
3/26/135;دلو بلاستيك صغير بيد;المستلزمات والزجاجيات;PLASTIC BUCKET;ادوات
3/26/136;راس ذيل سمكة لمصباح بنزن;المستلزمات والزجاجيات;FISHTAIL BURNER HEAD;ادوات
3/26/137;سدادت فلين مقاسات مختلفة;المستلزمات والزجاجيات;CORK STOPPER;ادوات
3/26/138;سدادت مطاط مقاسات مختلفة بدون ثقب;المستلزمات والزجاجيات;RUBBER STOPPER;ادوات
3/26/139;سدادات مطاط مقاسات مختلفة بثقب واحد;المستلزمات والزجاجيات;RUBBER STOPPER - ONE HOLE;ادوات
3/26/140;سدادات مطاط مقاسات مختلفة بثقبين;المستلزمات والزجاجيات;RUBBER STOPPER - TWO HOLE;ادوات
3/26/141;سلك بلاتين;المستلزمات والزجاجيات;PLATINUM WIRE;ادوات
3/26/142;سلك بلاتين مركب في مقبض;المستلزمات والزجاجيات;PLATINUM WIRE WITH HOLDER;ادوات
3/26/143;سلك للتوصيلات لونين;المستلزمات والزجاجيات;DOUBLE COLOR CONNECTION WIRE;ادوات
3/26/144;شبكة سلك من الحديد المجلفن بالسيراميك;المستلزمات والزجاجيات;IRON GAUGE WIRE;ادوات
3/26/145;شنطة عدة;المستلزمات والزجاجيات;TOOLS BAG;ادوات
3/26/146;صفائح رقيقة من النحاس 10× 10سم;المستلزمات والزجاجيات;THIN COPPER PLATES;ادوات
3/26/147;صحون بلاستيك لتسخين الماء في الشمس;المستلزمات والزجاجيات;RADIATION PLASTIC DISHES;ادوات
3/26/148;ضاغط فلين بعجلة مسننة;المستلزمات والزجاجيات;CORK PRESS;ادوات
3/26/149;طبق معدني مدور;المستلزمات والزجاجيات;METALLIC DISH;اطباق
3/26/150;طرف من  الشبة لربط الالواح;المستلزمات والزجاجيات;CELL PLATES HOLDER;ادوات
3/26/151;عاكس كهربي;المستلزمات والزجاجيات;COMMUTATOR ( REVERSING KEY );ادوات
3/26/152;فرشة لتنظيف انابيب الاختبار;المستلزمات والزجاجيات;TEST TUBE BRUSHE;ادوات
3/26/153;فرشة لتنظيف الزجاجات;المستلزمات والزجاجيات;BOTTLE BRUSHE;ادوات
3/26/154;فرشة لتنظيف السحاحات;المستلزمات والزجاجيات;BURETTE BRUSHE;ادوات
3/26/155;قاطع الزجاج;المستلزمات والزجاجيات;GLASS CUTTER;ادوات
3/26/156;قصدير لحام بكرة;المستلزمات والزجاجيات;SOLDERING WIRE;ادوات
3/26/157;قطاع في موقد كيروسين;المستلزمات والزجاجيات;SECTION IN BUNSEN BURNER;ادوات
3/26/158;قطع المونيوم 60×20× 2 مم;المستلزمات والزجاجيات;ALUMINUM PLATES;ادوات
3/26/159;قطع بلاستيك مختلفة الالوان والاحجام;المستلزمات والزجاجيات;PLASTIC PIECES;ادوات
3/26/160;قطعة اسبستوس;المستلزمات والزجاجيات;ASBESTOS PIECE;ادوات
3/26/161;ماسك انابيب اختبار بيد خشب;المستلزمات والزجاجيات;TEST TUBE HOLDER WITH WOOD HAND;ادوات
3/26/162;ماسك انابيب اختبار معدني;المستلزمات والزجاجيات;METALIC TEST TUBE HOLDER;ادوات
3/26/163;ماسك جفنة;المستلزمات والزجاجيات;CRUCIBLE TONG;ادوات
3/26/164;ماسك دورق معدني;المستلزمات والزجاجيات;FLASK TONG;ادوات
3/26/165;ماسك كاس معدني;المستلزمات والزجاجيات;BEAKER TONG;ادوات
3/26/166;مبارد مختلفة;المستلزمات والزجاجيات;FILES;ادوات
3/26/167;مبرد ذيل الفار نصف خشن;المستلزمات والزجاجيات;RAT TAIL FILE;ادوات
3/26/168;مبرد مثلث نصف خشن;المستلزمات والزجاجيات;TRIANGLER FILE;ادوات
3/26/169;مبرد مبطط نصف خشن;المستلزمات والزجاجيات;FLAT FILE;ادوات
3/26/170;مثلث خزفي;المستلزمات والزجاجيات;TRIANLE CLAY PIPE;ادوات
3/26/171;محبس بلدغ;المستلزمات والزجاجيات;BULLDOG CLIP;ادوات
3/26/172;محبس محوري لانابيب المطاط (هوفمان );المستلزمات والزجاجيات;HOFFMAN CLIP;ادوات
3/26/173;محبس مور;المستلزمات والزجاجيات;MOHR CLIP;ادوات
3/26/174;مسن لثاقب السدادات;المستلزمات والزجاجيات;CORK BORER SHARPNER;ادوات
3/26/175;مشبك فم التمساح;المستلزمات والزجاجيات;CROCODILE CLIP;ادوات
3/26/176;مصباح بنزن لغاز البيوتان;المستلزمات والزجاجيات;BUNSEN BURNER FOR COAL GAS;ادوات
3/26/177;مصباح لهب ميكر;المستلزمات والزجاجيات;MEKER BURNER;ادوات
3/26/178;مضخة ترشيح معدنية;المستلزمات والزجاجيات;METALLIC FILTER PUMP;اجهزة
3/26/179;مفتاح كهربائي من النوع القاطع ذو حدين;المستلزمات والزجاجيات;DOUBLE THROW KNIFE SWITCH;ادوات
3/26/180;مقلب معدني;المستلزمات والزجاجيات;STAINLESS STEEL STIRING ROD;ادوات
3/26/181;ملعقة اشتعال;المستلزمات والزجاجيات;COMBUSTION SPOON;ادوات
3/26/182;ملقعة زئبق;المستلزمات والزجاجيات;MERCURY SPOON;ادوات
3/26/183;ملعقة صوديوم;المستلزمات والزجاجيات;SODIUM SPOON;ادوات
3/26/184;ملوق ( سبايتولا );المستلزمات والزجاجيات;SPATULA;ادوات
3/26/185;ورق ترشيح  ق 12.5سم;المستلزمات والزجاجيات;FILTERING PAPER;ادوات
3/26/187;ورق ترشيح  ق 18.5سم;المستلزمات والزجاجيات;FILTERING PAPER;ادوات
3/26/189;مقص;المستلزمات والزجاجيات;SCISSOR;ادوات
3/26/190;كرات من سبيكة النحاس;المستلزمات والزجاجيات;COPPER BALLS;ادوات
3/26/191;ابريق شاهي;المستلزمات والزجاجيات;TEA KETTLE;ادوات
3/26/192;اكواب اسفنجية;المستلزمات والزجاجيات;SPONGE CUPS;ادوات
3/26/193;اكواب ماء ورقية;المستلزمات والزجاجيات;PAPER CUPS;ادوات
3/26/194;بالون اطفال;المستلزمات والزجاجيات;BALOON;ادوات
3/26/195;مبرد نصف دائري;المستلزمات والزجاجيات;HALF ROUND FILE;ادوات
3/27/000;اكسيد الباريوم;المواد الكيميائية;BARIUM OXIDE;مركبات الباريوم
3/27/001;كلوريد الحديدوز ( الثنائي );المواد الكيميائية;FERRIC CHLORIDE OR IRON(III) CHLORIDE;مركبات الحديد
3/27/101;ايثر ايثيلي ( الايثر );المواد الكيميائية;DIETHYL ETHER;مواد عضوية
3/27/102;اسيتون;المواد الكيميائية;ACETONE;مواد عضوية
3/27/103;اندريد حمض الخليك ( أنهيدريد الأسيتيك );المواد الكيميائية;ACETIC ACID ANHYDRIDE;احماض
3/27/104;انيلين;المواد الكيميائية;ANILINE;مواد عضوية
3/27/105;اثيلين جليكول;المواد الكيميائية;GLYCOL ETHYLENE;مواد عضوية
3/27/106;بارا- زايلين;المواد الكيميائية;P-ZYLENE;مواد عضوية
3/27/107;بايريدين ( بيريدين );المواد الكيميائية;PYRIDINE;مواد عضوية
3/27/108;بنتان;المواد الكيميائية;PENTANE;مواد عضوية
3/27/109;بنزين;المواد الكيميائية;BENZENE;مواد عضوية
3/27/110;تولوين;المواد الكيميائية;TOLUENE;مواد عضوية
3/27/111;ثاني كبريتيد الكربون;المواد الكيميائية;CARBON DISULFIDE;مركبات الكربون
3/27/112;ثنائي ايثيل الايثر ( أسيتو أسيتات الإيثيل);المواد الكيميائية;ETHYL ACETOACETATE;مواد عضوية
3/27/113;جلسرول ( الجلسرين );المواد الكيميائية;GLYCEROL OR GLYCERINE;مواد عضوية
3/27/114;حامض خليك ثلجي;المواد الكيميائية;ACETIC ACID GLACIAL;احماض
3/27/115;خلات الايثيل ( أسيتات الإيثيل );المواد الكيميائية;ETHYL ACETATE;مواد عضوية
3/27/116;رباعي كلوريد الكربون;المواد الكيميائية;CARBON TETRA CHLORIDE;مواد عضوية
3/27/117;كحول ايثيلي ( ايثانول );المواد الكيميائية;ETHANOL;مواد عضوية
3/27/118;كحول ايزوبروبيلي( كحول الإيزوبروبانول );المواد الكيميائية;ISOPROPYL ALCOHOL;مواد عضوية
3/27/119;كحول بروبيلي (بروبانول);المواد الكيميائية;PROPANOL (1-PROPYL ALCOHOL);مواد عضوية
3/27/120;كحول بيوتيلي اولى ( إيزوبوتانول );المواد الكيميائية;PRIMARY BUTANOL (BUTYL ALCOHOL);مواد عضوية
3/27/121;كحول بيوتيلي ثانوي ( 2 - بوتانول );المواد الكيميائية;SEC- BUTANOL (2-BUTANOL);مواد عضوية
3/27/122;كحول بيوتيلي ثلاثي (ثالثي بوتانول );المواد الكيميائية;TRI- BUTANOL( TERT-BUTYL ALCOHOL);مواد عضوية
3/27/123;كحول ميثيلي ( ميثانول);المواد الكيميائية;METHANOL (METHYL ALCOHOL);مواد عضوية
3/27/124;كلوروفورم (ثلاثي كلورو ميثان);المواد الكيميائية;CHLOROFORM (METHANE TRICHLORIDE);مواد عضوية
3/27/125;هكسان;المواد الكيميائية;HEXANE;مواد عضوية
3/27/126;هكسان حلقي;المواد الكيميائية;CYCLOHEXANE;مواد عضوية
3/27/127;كبريتات الانيلين;المواد الكيميائية;ANILINE SULFATE;مواد عضوية
3/27/128;هيدروكلوريد الانيلين;المواد الكيميائية;ANILINE HYDROCHLORIDE;عام
3/27/129;ريزورسينول;المواد الكيميائية;RESORCINOL;عام
3/27/201;اسيتالدهيد;المواد الكيميائية;ACETALDEHYDE;مواد عضوية
3/27/202;اسيتوكارمين ( صبغة اسيتوكارمن );المواد الكيميائية;CARMINE ACETO (ACETOCARMINE );مواد عضوية
3/27/203;بارافين - زيت;المواد الكيميائية;PARAFFINE ( OIL );مواد عضوية
3/27/204;بروم;المواد الكيميائية;BROMINE;عام
3/27/205;بروميد البيوتيل (1-بروم البوتان);المواد الكيميائية;BUTYL BROMIDE (1-BROMOBUTANE);عام
3/27/206;بنزالدهيد;المواد الكيميائية;BENZALDEHYDE;مواد عضوية
3/27/207;ثنائي ايزوسيانات التولوين;المواد الكيميائية;TOLUENE DIISOCYANATE;عام
3/27/208;ثنائي ميثيل الانيلين;المواد الكيميائية;DIMETHYLANILINE;عام
3/27/209;جنتيانا بنفسجي;المواد الكيميائية;GENTIA VIOLET (CRYSTAL VIOLET);ادلة
3/27/210;حمض الارثوفوسفوريك (حمض الفوسفوريك );المواد الكيميائية;ORTHOPHOSPHORIC ACID (PHOSPHORIC ACID);احماض
3/27/211;حمض الاوليك (حمض الزيت);المواد الكيميائية;OLEIC ACID;احماض
3/27/212;حمض البيكريك ( الحمض المر );المواد الكيميائية;PICRIC ACID;احماض
3/27/213;حمض البيركلوريك;المواد الكيميائية;PEROCHLORIC ACID;احماض
3/27/214;حمض الفورميك (حمض النمليك ) ( حمض الميثانويك );المواد الكيميائية;FORMIC ACID (METHANOIC ACID);احماض
3/27/215;حمض الكبريتيك (حمض الكبريت );المواد الكيميائية;SULFURIC ACID;احماض
3/27/216;حمض اللاكتيك (حمض اللبنيك );المواد الكيميائية;LACTIC ACID;احماض
3/27/217;حمض النيتريك أو حمض الآزوت أو ماء النار;المواد الكيميائية;NITRIC ACID;احماض
3/27/218;حمض الهيدروكلوريك ( حمض الكلور );المواد الكيميائية;HYDROCHLORIC ACID;احماض
3/27/219;خلات الفينيل;المواد الكيميائية;PHENYL ACETATE;مواد عضوية
3/27/220;زيت دو كورننج 200;المواد الكيميائية;DOW CORNING 200;زيت
3/27/221;زيت بذرة القطن;المواد الكيميائية;COTTONSEED OIL;زيت
3/27/222;زيت جوز الهند;المواد الكيميائية;COCOS NUCIFERA OIL;زيت
3/27/223;زيت خروع;المواد الكيميائية;CASTOR OIL;زيت
3/27/224;زيت الزيتون ( نقي);المواد الكيميائية;OLIVE OIL;زيت
3/27/226;زيت نعناع فلفلي;المواد الكيميائية;PEPPERMINT OIL;زيت
3/27/227;ستايرين;المواد الكيميائية;STYRENE;مواد عضوية
3/27/228;سيانيد الفينيل(بنزونتريل);المواد الكيميائية;BENZONETRILE;مواد عضوية
3/27/229;عصارة البنكرياتين (بانكرياتين);المواد الكيميائية;PANCREATIN;مواد عضوية
3/27/230;فينيل الهيدرازين;المواد الكيميائية;PHENYLHYDRAZINE;مواد عضوية
3/27/231;فورمالين ( فورمالدهيد );المواد الكيميائية;FORMALIN (FORMALDEHYDE );مواد عضوية
3/27/232;فوق اكسيد الهيدروجين (بيروكسيد الهيدروجين);المواد الكيميائية;HYDROGEN PEROXIDE;احماض
3/27/233;كبريتيد الامونيوم - مكرر;المواد الكيميائية;AMMONIUM SULPHIDE;مركبات الامونيوم
3/27/234;كلوروبنزين;المواد الكيميائية;CHLOROBENZENE;مواد عضوية
3/27/235;كلوريد الاديبويل (كلوريد الأديبيل);المواد الكيميائية;ADIPYL CHLORIDE (ADIPOYL CHLORIDE);عام
3/27/236;استيل كلوريد(كلوريد الاسيتيل);المواد الكيميائية;ACETYL CHLORIDE;عام
3/27/237;كلوريد السيباكويل;المواد الكيميائية;SEBACOYL CHLORIDE;عام
3/27/238;كلوريد اليود;المواد الكيميائية;IODINE CHLORIDE( IODINE MONOCHLORIDE);مركبات اليود
3/27/239;محلول ادرينالين (إبينيفرين );المواد الكيميائية;ADRENALINE (EPINEPHRINE);ادلة
3/27/240;محلول اكسين (هرمون الأكسين);المواد الكيميائية;AUXIN;ادلة
3/27/241;محلول بندكت;المواد الكيميائية;BENDICT ( SOLUTION ) - BENEDICT'S REAGENT;ادلة
3/27/242;محلول نيكوتين;المواد الكيميائية;NICOTINE  SOLUTION;مواد عضوية
3/27/243;ميثيل امين ( محلول );المواد الكيميائية;METHYLAMINE SOLUTION;مواد عضوية
3/27/244;هكسانول;المواد الكيميائية;HEXANOL;مواد عضوية
3/27/245;هيدوركسيد الامونيوم;المواد الكيميائية;AMMONIUM HYDROXIDE;مركبات الامونيوم
3/27/301;اكسلات الالومنيوم;المواد الكيميائية;ALUMINUM OXALATE;مركبات الالومنيوم
3/27/302;اكسيد الالومنيوم ( ألومينا );المواد الكيميائية;ALUMINUM OXIDE;مركبات الالومنيوم
3/27/303;حبيبات الالومنيوم;المواد الكيميائية;ALUMINUM POWDER COARSE;مركبات الالومنيوم
3/27/304;رقائق الالومنيوم;المواد الكيميائية;ALUMINUIM FOIL;مركبات الالومنيوم
3/27/305;كبريتات الالومنيوم;المواد الكيميائية;ALUMINUM SULFATE;مركبات الالومنيوم
3/27/306;كلوريد الالومنيوم لامائي;المواد الكيميائية;ALUMINIUM CHLORIDE ANHYDROUS;مركبات الالومنيوم
3/27/307;مسحوق الالومنيوم;المواد الكيميائية;ALUMINUM POWDER;مركبات الالومنيوم
3/27/308;نترات الالومنيوم;المواد الكيميائية;ALUMINUM NITRATE;مركبات الالومنيوم
3/27/309;الومينوم ( معدن );المواد الكيميائية;ALUMINUM METAL;مركبات الالومنيوم
3/27/314;بنزوات الالومنيوم;المواد الكيميائية;ALUMINUM BENZOATE;مركبات الالومنيوم
3/27/315;اكسالات الامونيوم;المواد الكيميائية;AMMONIUM OXALATE;مركبات الامونيوم
3/27/316;بيكربونات الامونيوم;المواد الكيميائية;AMMONIUM BICARBONATE;مركبات الامونيوم
3/27/317;ترترات الامونيوم;المواد الكيميائية;AMMONIUM TARTRATE;مركبات الامونيوم
3/27/318;خلات الامونيوم;المواد الكيميائية;AMMONIUM ACETATE;مركبات الامونيوم
3/27/319;شب النشادر ( شب الامونيوم ) ( كبريتات الألومنيوم والأمونيوم );المواد الكيميائية;AMMONIUM ALUM( AMMONIUM ALUMINIUM SULFATE);مركبات الامونيوم
3/27/320;فوق كبريتات الامونيوم (بيركبريتات الأمونيوم );المواد الكيميائية;AMMONIUM PERSULFATE;مركبات الامونيوم
3/27/321;كبريتات الامونيوم;المواد الكيميائية;AMMONIUM SULFATE;مركبات الامونيوم
3/27/322;كربونات الامونيوم;المواد الكيميائية;AMMONIUM CARBONATE;مركبات الامونيوم
3/27/323;كلوريد الامونيوم (النُشَادُر );المواد الكيميائية;AMMONIUM CHLORIDE;مركبات الامونيوم
3/27/324;موليبدات الامونيوم;المواد الكيميائية;AMMONIUM MOLYBDATE;مركبات الامونيوم
3/27/325;نترات الامونيوم;المواد الكيميائية;AMMONIUM NITRATE;مركبات الامونيوم
3/27/326;ثيوسيانات الامونيوم;المواد الكيميائية;AMMONIUM THIOCYANATE;مركبات الامونيوم
3/27/328;كبريتيد الامونيوم;المواد الكيميائية;AMMONIUM SULFIDE;مركبات الامونيوم
3/27/329;سترات الباريوم;المواد الكيميائية;BARIUM STEARATE;مركبات الباريوم
3/27/331;مسحوق الانتيمون;المواد الكيميائية;ANTIMONY POWDER;مركبات الانتيمون
3/27/336;بروميد الباريوم;المواد الكيميائية;BARIUM BROMIDE;مركبات الباريوم
3/27/337;فوق اكسيد الباريوم (بيروكسيد الباريوم );المواد الكيميائية;BARIUM PEROXIDE;مركبات الباريوم
3/27/338;كبريتات الباريوم;المواد الكيميائية;BARIUM SULFATE ( BARIUM SULPHATE );مركبات الباريوم
3/27/339;كربونات الباريوم;المواد الكيميائية;BARIUM CARBONATE;مركبات الباريوم
3/27/340;كلوريد الباريوم;المواد الكيميائية;BARIUM CHLORIDE;مركبات الباريوم
3/27/341;نترات الباريوم;المواد الكيميائية;BARIUM NITRATE;مركبات الباريوم
3/27/342;هيدروكسيد الباريوم;المواد الكيميائية;BARIUM HYDROXIDE;مركبات الباريوم
3/27/348;كلوريد البزموث (ثلاثي كلوريد بزموت);المواد الكيميائية;BISMUTH CHLORIDE (BISMUTH TRI CHLORIDE);مركبات البزموث
3/27/349;معدن البزموث;المواد الكيميائية;BISMUTH METAL;مركبات البزموت
3/27/350;نترات البزموت;المواد الكيميائية;BISMUTH NITRATE;مركبات البزموت
3/27/355;كبريتات الألومنيوم والبوتاسيوم  ( شب البوتاسيوم );المواد الكيميائية;POTASSIUM ALUMMNIUM SULPHATE;مركبات البوتاسيوم
3/27/356;برمنجنات البوتاسيوم;المواد الكيميائية;POTASSIUM PERMANGANATE;مركبات البوتاسيوم
3/27/357;بروميد البوتاسيوم;المواد الكيميائية;POTASSIUM BROMIDE;مركبات البوتاسيوم
3/27/358;بيكربونات البوتاسيوم;المواد الكيميائية;POTASSIUM BICARBONATE;مركبات البوتاسيوم
3/27/359;ترترات البوتاسيوم الحامضية (طرطرات البوتاسيوم الهيدروجينية );المواد الكيميائية;POTASSIUM HYDROGEN TARTRATE;مركبات البوتاسيوم
3/27/360;ترترات البوتاسيوم والصوديوم ( ملح روشيل ) (طرطرات البوتاسيوم والصوديوم);المواد الكيميائية;POTASSIUM SODIUM TARTRATE (ROCHELLE SALT);مركبات البوتاسيوم
3/27/361;ثيوسيانات البوتاسيوم;المواد الكيميائية;POTASSIUM THIOCYANATE;مركبات البوتاسيوم
3/27/362;حديدو سيانيد البوتاسيوم;المواد الكيميائية;POTASSIUM FERROCYANIDE;مركبات البوتاسيوم
3/27/363;حديدي سيانيد البوتاسيوم;المواد الكيميائية;POTASSIUM FERRICYANIDE;مركبات البوتاسيوم
3/27/364;دايكرومات لبوتاسيوم (ثنائي كرومات البوتاسيوم );المواد الكيميائية;POTASSIUM DICHROMATE;مركبات البوتاسيوم
3/27/365;سيانات البوتاسيوم;المواد الكيميائية;POTASSIUM CYANATE;مركبات البوتاسيوم
3/27/366;سيانيد البوتاسيوم;المواد الكيميائية;POTASSIUM CYANIDE;مركبات البوتاسيوم
3/27/368;فلوريد البوتاسيوم;المواد الكيميائية;POTASSIUM FLUORIDE;مركبات البوتاسيوم
3/27/369;فوسفات البوتاسيوم ( الثلاثية );المواد الكيميائية;POTASSIUM PHOSPHATE (TRIPOTASSIUM PHOSPHATE);مركبات البوتاسيوم
3/27/370;فوق كبريتات البوتاسيوم;المواد الكيميائية;POTASSIUM PERSULFATE;مركبات البوتاسيوم
3/27/371;كبريتات البوتاسيوم;المواد الكيميائية;POTASSIUM SULPHATE;مركبات البوتاسيوم
3/27/372;كربونات البوتاسيوم;المواد الكيميائية;POTASSIUM CARBONATE;مركبات البوتاسيوم
3/27/373;كربونات البوتاسيوم المائية;المواد الكيميائية;POTASSIUM CARBONATE  DIHYDRATE;مركبات البوتاسيوم
3/27/374;كرومات البوتاسيوم;المواد الكيميائية;POTASSIUM CHROMATE;مركبات البوتاسيوم
3/27/375;كلورات البوتاسيوم;المواد الكيميائية;POTASSIUM CHLORATE;مركبات البوتاسيوم
3/27/376;كلوريد البوتاسيوم;المواد الكيميائية;POTASSIUM CHLORIDE;مركبات البوتاسيوم
3/27/377;معدن البوتاسيوم;المواد الكيميائية;POTASSIUM METAL;مركبات البوتاسيوم
3/27/378;نترات البوتاسيوم;المواد الكيميائية;POTASSIUM NITRATE;مركبات البوتاسيوم
3/27/379;نتريت البوتاسيوم;المواد الكيميائية;POTASSIUM NITRITE;مركبات البوتاسيوم
3/27/380;يوديد البوتاسيوم;المواد الكيميائية;POTASSIUM IODIDE;مركبات البوتاسيوم
3/27/381;هيدروكسيد البوتاسيوم;المواد الكيميائية;POTASSIUM HYDROXIDE;مركبات البوتاسيوم
3/27/382;بوراكس (البورق أو بورات الصوديوم أو رباعي بورات الصوديوم );المواد الكيميائية;BORAX ( SODIUM BORATE, SODIUM TETRABORATE);مركبات البورون
3/27/388;جرافيت;المواد الكيميائية;GRAPHITE;مركبات الكربون
3/27/394;حمض اليوريك أو حمض البول;المواد الكيميائية;URIC ACID;احماض
3/27/400;حديد ( سلك );المواد الكيميائية;IRON WIRE;مركبات الحديد
3/27/401;برادة حديد ( ناعمة );المواد الكيميائية;IRON POWDER;مركبات الحديد
3/27/402;كبريتات الحديدوز أو كبريتات الحديد الثنائي أوالزاج الأخضر;المواد الكيميائية;FERROUS SULFATE  ( IRON(II) SULFATE );مركبات الحديد
3/27/403;كبريتات الحديدوز النشادرية ( كبريتات أمونيوم حديد ثنائي أو ملح مور);المواد الكيميائية;FERROUS AMMONIUM SULFATE (AMMONIUM IRON(II) SULFATE);مركبات الحديد
3/27/404;كبريتيد الحديدوز (كبريتيد الحديد الثنائي);المواد الكيميائية;FERRUS SULFIDE ( IRON(II) SULFIDE );مركبات الحديد
3/27/405;كربونات الحديدوز ( كربونات الحديد الثنائي );المواد الكيميائية;FERROUS CARBONATE (  IRON(II) CARBONATE );مركبات الحديد
3/27/406;اكسيد الحديديك الاحمر (أكسيد الحديد الثلاثي);المواد الكيميائية;RED FERRIC OXIDE (IRON(III) OXIDE);مركبات الحديد
3/27/407;كبريتات الحديديك (كبريتات الحديد الثلاثي );المواد الكيميائية;FERRIC SULPHATE (IRON(III) SULFATE);مركبات الحديد
3/27/408;كبريتيد الحديديك ( كبريتيد الحديد الثلاثي );المواد الكيميائية;FERRIC SULFIDE ( IRON(III) SULFIDE);مركبات الحديد
3/27/409;كلوريد الحديديك (كلوريد الحديد الثلاثي);المواد الكيميائية;FERRIC CHLORIDE (IRON(III) CHLORIDE);مركبات الحديد
3/27/410;نترات الحديديك (نترات الحديد الثلاثي);المواد الكيميائية;FERRIC NITRATE ( IRON(III) NITRATE );مركبات الحديد
3/27/414;بروميد الخارصين  ( بروميد الزنك);المواد الكيميائية;ZINC BROMIDE;مركبات الخارصين
3/27/415;خارصين ( زنك ) سلك قطر 1مم;المواد الكيميائية;ZINC WIRE;مركبات الخارصين
3/27/416;اكسيد الخارصين (أكسيد الزنك);المواد الكيميائية;ZINC OXIDE;مركبات الخارصين
3/27/417;حبيبات الخارصين ( حبيبات الزنك );المواد الكيميائية;ZINC METAL TURNING;مركبات الخارصين
3/27/418;خلات الخارصين ( خلات الزنك );المواد الكيميائية;ZINC ACETATE;مركبات الخارصين
3/27/419;كبريتات الخارصين (كبريتات الزنك);المواد الكيميائية;ZINC SULFATE;مركبات الخارصين
3/27/420;كبريتيد الخارصين ( كبريتيد الزنك );المواد الكيميائية;ZINC SULFIDE (ZINC SULPHIDE );مركبات الخارصين
3/27/421;كربونات الخارصين ( كربونات الزنك );المواد الكيميائية;ZINC CARBONATE;مركبات الخارصين
3/27/422;كلوريد الخارصين ( كلوريد الزنك );المواد الكيميائية;ZINC CHLORIDE;مركبات الخارصين
3/27/423;مسحوق الخارصين ( الزنك );المواد الكيميائية;ZINC POWDER;مركبات الخارصين
3/27/424;نترات الخارصين (نترات الزنك);المواد الكيميائية;ZINC NITRATE;مركبات الخارصين
3/27/430;اكسيد الرصاص (أكسيد الرصاص الثنائي );المواد الكيميائية;LEAD(II) OXIDE (LEAD MONOXIDE);مركبات الرصاص
3/27/431;ثاني اكسيد الرصاص  (أكسيد الرصاص الرباعي );المواد الكيميائية;LEAD DIOXIDE (LEAD(IV) OXIDE);مركبات الرصاص
3/27/432;خلات الرصاص (خلات الرصاص الثنائي);المواد الكيميائية;LEAD ACETATE (LEAD(II) ACETATE);مركبات الرصاص
3/27/433;كبريتات الرصاص (كبريتات الرصاص الثنائي);المواد الكيميائية;LEAD SULFATE (LEAD(II) SULFATE );مركبات الرصاص
3/27/434;كبريتيد الرصاص (كبريتيد الرصاص الثنائي);المواد الكيميائية;LEAD SULFIDE (LEAD(II) SULFIDE  );مركبات الرصاص
3/27/436;كربونات الرصاص;المواد الكيميائية;LEAD CARBONATE;مركبات الرصاص
3/27/437;نترات الرصاص;المواد الكيميائية;LEAD NITRATE (LEAD(II) NITRATE);مركبات الرصاص
3/27/438;كلوريد الرصاص;المواد الكيميائية;LEAD CHLORIDE;مركبات الرصاص
3/27/443;رمل منقى;المواد الكيميائية;SAND PURIFIED;مركبات السيليكون
3/27/449;كلوريد الزئبقوز ( كلوريد الزئبق الاحادي );المواد الكيميائية;MERCUROUS CHLORIDE (MERCURY(I) CHLORIDE);مركبات الزئبق
3/27/450;نترات الزئبقوز ( نترات الزئبق الاحادية );المواد الكيميائية;MERCUROUS NITRATE ( MERCURY(I) NITRATE );مركبات الزئبق
3/27/451;معدن الزئبق;المواد الكيميائية;MERCURY METAL;مركبات الزئبق
3/27/452;اكسيد الزئبقيك الاحمر (أكسيد الزئبق الثنائي);المواد الكيميائية;RED MERCURIC OXIDE ( MERCURY(II) OXIDE );مركبات الزئبق
3/27/453;اكسيد الزئبقيك الاصفر (أكسيد الزئبق الثنائي);المواد الكيميائية;YELLOW  MERCURIC OXIDE  ( MERCURY(II) OXIDE );مركبات الزئبق
3/27/454;كلوريد الزئبقيك (كلوريد الزئبق الثنائي);المواد الكيميائية;MERCURIC CHLORIDE (MERCURY(II) CHLORIDE );مركبات الزئبق
3/27/455;نترات الزئبقيك ( نترات الزئبق الثنائية );المواد الكيميائية;MERCURIC NITRATE ( MERCURY(II) NITRATE );مركبات الزئبق
3/27/461;كلوريد السترونشيوم المائي ( كلوريد السترونتيوم المائي );المواد الكيميائية;STRONTIUM CHLORIDE HEXAHYDRATE;مركبات السترونشيوم
3/27/462;كلوريد السترونشيوم  ( كلوريد السترونتيوم );المواد الكيميائية;STRONTIUOM CHLORIDE;مركبات السترونشيوم
3/27/468;مسحوق السيليكون;المواد الكيميائية;SILICON POWDER;مركبات السيليكون
3/27/469;ترترات الصوديوم (طرطرات الصوديوم);المواد الكيميائية;SODIUM TARTRATE;مركبات الصوديوم
3/27/470;سلسلات الصوديوم (ساليسيلات الصوديوم);المواد الكيميائية;SODIUM SALICYLATE;مركبات الصوديوم
3/27/471;كبريتيت الصوديوم;المواد الكيميائية;SODIUM SULFITE  (SODIUM SULPHITE);مركبات الصوديوم
3/27/472;كبريتيد الصوديوم;المواد الكيميائية;SODIUM SULPHIDE;مركبات الصوديوم
3/27/473;كوبالتي نتريت الصوديوم (سداسي نترو كوبالتات الصوديوم);المواد الكيميائية;SODIUM COBALTINITRITE;مركبات الصوديوم
3/27/474;اكسالات الصوديوم;المواد الكيميائية;SODIUM OXALATE;مركبات الصوديوم
3/27/475;اديتات ثنائي الصوديوم;المواد الكيميائية;DISODIUM EDETATE;مركبات الصوديوم
3/27/476;بروميد الصوديوم;المواد الكيميائية;SODIUM BROMIDE;مركبات الصوديوم
3/27/477;بنزوات الصوديوم;المواد الكيميائية;SODIUM BENZOATE;مركبات الصوديوم
3/27/478;بيكربونات الصوديوم ( كربونات الصوديوم الحامضية );المواد الكيميائية;SODIUM BICARBONATE ( SODIUM HYDROGEN CARBONATE);مركبات الصوديوم
3/27/479;ثيوسيانات الصوديوم;المواد الكيميائية;SODIUM THIOCYANATE;مركبات الصوديوم
3/27/480;ثيوكبريتات الصوديوم;المواد الكيميائية;SODIUM THIOSULFATE (  SODIUM THIOSULPHATE );مركبات الصوديوم
3/27/481;جير صودي ( جير الصودا );المواد الكيميائية;SODA LIME;مركبات الصوديوم
3/27/482;خلات الصوديوم;المواد الكيميائية;SODIUM ACETATE;مركبات الصوديوم
3/27/483;خلات الصوديوم المائية;المواد الكيميائية;SODIUM ACETATE HYDRATE;مركبات الصوديوم
3/27/484;سترات الصوديوم;المواد الكيميائية;SODIUM STEARATE;مركبات الصوديوم
3/27/485;سيانيد الصوديوم;المواد الكيميائية;SODIUM CYANIDE;مركبات الصوديوم
3/27/486;سليكات الصوديوم ( سيليكات الصوديوم );المواد الكيميائية;SODIUM SILICATE;مركبات الصوديوم
3/27/487;فلوريد الصوديوم;المواد الكيميائية;SODIUM FLUORIDE;مركبات الصوديوم
3/27/488;فوسفات الصوديوم احادي القاعدة;المواد الكيميائية;MONOSODIUM PHOSPHATE (SODIUM PHOSPHATE MONOBASIC );مركبات الصوديوم
3/27/489;فوسفات الصوديوم ثنائي القاعدة;المواد الكيميائية;DISODIUM PHOSPHATE ( SODIUM PHOSPHATE DIBASIC);مركبات الصوديوم
3/27/490;فوسفات الصوديوم ثلاثي القاعدة;المواد الكيميائية;TRISODIUM PHOSPHATE (SODIUM PHOSPHATE TRIBASIC);مركبات الصوديوم
3/27/491;فوق اكسيد الصوديوم;المواد الكيميائية;SODIUM SUPEROXIDE;مركبات الصوديوم
3/27/492;كبريتات الصوديوم;المواد الكيميائية;SODIUM SULPHATE;مركبات الصوديوم
3/27/493;كبريتات الصوديوم المائية ( ملح غلاوبر );المواد الكيميائية;SODIUM SULFATE DECAHYDRATE;مركبات الصوديوم
3/27/494;كبريتيت الصوديودم الهيدروجينية (بيكبريتيت الصوديوم);المواد الكيميائية;SODIUM HYDROGEN SULFITE;مركبات الصوديوم
3/27/495;كربونات الصوديوم ( صودا الغسيل );المواد الكيميائية;SODIUM CARBONE;مركبات الصوديوم
3/27/496;كلوريد الصوديوم;المواد الكيميائية;SODIUM CHLORIDE;مركبات الصوديوم
3/27/497;معدن الصوديوم;المواد الكيميائية;SODIUM METAL;مركبات الصوديوم
3/27/498;نترات الصوديوم;المواد الكيميائية;SODIUM NITRATE;مركبات الصوديوم
3/27/499;نتريت الصوديوم;المواد الكيميائية;SODIUM NITRITE;مركبات الصوديوم
3/27/500;هيدروكسيد الصوديوم (الصودا الكاوية );المواد الكيميائية;SODIUM HYDROXIDE;مركبات الصوديوم
3/27/501;يوديد الصوديوم;المواد الكيميائية;SODIUM IODIDE;مركبات الصوديوم
3/27/502;نيتروبروسيد الصوديوم (نتروبروسيد الصوديوم);المواد الكيميائية;SODIUM NITROPRUSSIDE;مركبات الصوديوم
3/27/507;فحم حيواني بودرة (فحم عظمي);المواد الكيميائية;CHARCOAL ANIMAL POWDER (BONE CHARCOAL);مركبات الكربون
3/27/508;فحم قوالب;المواد الكيميائية;CHARCOAL  BLOCKS;مركبات الكربون
3/27/509;فحم نباتي ( الفحم );المواد الكيميائية;CHARCOAL WOOD (CHARCOAL);مركبات الكربون
3/27/514;فضة سلك;المواد الكيميائية;SILVER WIRE;مركبات الفضة
3/27/515;كبريتات الفضة (سلفات الفضة);المواد الكيميائية;SILVER SULFATE;مركبات الفضة
3/27/516;نترات الفضة;المواد الكيميائية;SILVER NITRATE;مركبات الفضة
3/27/522;فسفور احمر;المواد الكيميائية;RED PHOSPHORUS;مركبات الفسفور
3/27/523;فسفور اصفر;المواد الكيميائية;YELLOW PHOSPHORUS;مركبات الفسفور
3/27/524;خامس اكسيد الفسفور;المواد الكيميائية;PHOSPHORUS PENTAOXIDE;مركبات الفسفور
3/27/530;فولرزايرث ( تراب القصار );المواد الكيميائية;FULLER'S EARTH;ادلة
3/27/536;اوكسالات القصيدروز;المواد الكيميائية;STANNOUS OXALATE (TIN OXALATE);مركبات القصدير
3/27/537;كلوريد القصديروز (كلوريد القصدير الثنائي);المواد الكيميائية;STANNOUS CHLORIDE (TIN(II) CHLORIDE);مركبات القصدير
3/27/538;كلوريد القصديريك (كلوريد القصدير الرباعي);المواد الكيميائية;STANNIC CHLORIDE  ( TIN(IV) CHLORIDE );مركبات القصدير
3/27/539;القصدير;المواد الكيميائية;TIN METAL;مركبات القصدير
3/27/545;كلوريد الكادميوم;المواد الكيميائية;CADMIUM CHLORIDE;مركبات الكادميوم
3/27/546;معدن الكادميوم;المواد الكيميائية;CADMIUM METAL;مركبات الكادميوم
3/27/547;نترات الكادميوم;المواد الكيميائية;CADMIUM NITRATE;مركبات الكادميوم
3/27/553;اكسيد الكالسيوم (الجير الحي);المواد الكيميائية;CALCIUM OXIDE;مركبات الكالسيوم
3/27/554;بيكربونات الكالسيوم;المواد الكيميائية;CALCIUM BICARBONATE;مركبات الكالسيوم
3/27/555;فلوريد الكالسيوم;المواد الكيميائية;CALCIUM FLUORIDE;مركبات الكالسيوم
3/27/556;فوسفات الكالسيوم (فوسفات أحادي الكالسيوم);المواد الكيميائية;CALCIUM PHOSPHATE (MONOCALCIUM PHOSPHATE);مركبات الكالسيوم
3/27/557;كبريتات الكالسيوم;المواد الكيميائية;CALCIUM SULFATE;مركبات الكالسيوم
3/27/558;كربونات الكالسيوم;المواد الكيميائية;CALCIUM CARBONATE;مركبات الكالسيوم
3/27/559;كربونات الكالسيوم ( رخام );المواد الكيميائية;CALCIUM CARBONATE (MARBLE);مركبات الكالسيوم
3/27/560;كربيد الكالسيوم;المواد الكيميائية;CALCIUM CARBIDE;مركبات الكالسيوم
3/27/561;كلوريد كالسيوم(ثنائي التميه );المواد الكيميائية;CALCIUM CHLORIDE DIHYDRATE;مركبات الكالسيوم
3/27/562;كلوريد الكالسيوم;المواد الكيميائية;CALCIUM CHLORIDE;مركبات الكالسيوم
3/27/563;معدن الكالسيوم;المواد الكيميائية;CALCIUM METAL;مركبات الكالسيوم
3/27/564;هيبوكلوريت الكالسيوم;المواد الكيميائية;CALCIUM HYPOCHLORITE;مركبات الكالسيوم
3/27/565;هيدروكسيد الكالسيوم (الجير المطفي);المواد الكيميائية;CALCIUM HYDROXIDE;مركبات الكالسيوم
3/27/571;كبريت ( زهر );المواد الكيميائية;SULPHUR (SULFUR );مركبات الكبريت
3/27/573;كبريت (مسحوق );المواد الكيميائية;SULPHUR POWDER;مركبات الكبريت
3/27/578;كروم;المواد الكيميائية;CHROMIUM;مركبات الكروم
3/27/579;كلوريد الكروم (كلوريد الكروم الثنائي);المواد الكيميائية;CHROMIUM CHLORIDE (CHROMIUM(II) CHLORIDE);مركبات الكروم
3/27/580;نترات الكروم ( الثلاثي );المواد الكيميائية;CHROMIUM NITRATE (III);مركبات الكروم
3/27/581;ثيوسيانات الكوبلت;المواد الكيميائية;COBALT THIOCYANATE (SCOTT TEST);مركبات الكوبالت
3/27/586;كلوريد الكوبلت ( الثنائي );المواد الكيميائية;COBALT(II) CHLORIDE;مركبات الكوبالت
3/27/587;معدن الكوبلت;المواد الكيميائية;COBALT METAL;مركبات الكوبالت
3/27/588;نترات الكوبالت الثنائي;المواد الكيميائية;COBALT(II) NITRATE;مركبات الكوبالت
3/27/594;كلوريد الليثيوم;المواد الكيميائية;LITHIUM CHLORID;مركبات الليثيوم
3/27/595;معدن الليثيوم;المواد الكيميائية;LITHIUM METAL;مركبات الليثيوم
3/27/601;المغنيزيوم   أو المغنسيوم  ( حبيبات );المواد الكيميائية;MAGNESIUM COARSE;مركبات المغنيزيوم
3/27/602;شريط المغنسيوم ( المغنيزيوم );المواد الكيميائية;MAGNESIUM METAL  RIBBON;مركبات المغنيزيوم
3/27/603;كبريتات المغنيزيوم أو المغنسيوم أو الملح الإنكليزي;المواد الكيميائية;MAGNESIUM SULPHATE OR EPSOM SALT;مركبات المغنيزيوم
3/27/604;كلوريد المغنيزيوم أو المغنسيوم;المواد الكيميائية;MAGNESIUM CHLORIDE;مركبات المغنيزيوم
3/27/605;كربونات المغنيزيوم أو المغنسيوم;المواد الكيميائية;MAGNESIUM CARBONATE;مركبات المغنيزيوم
3/27/606;نترات المغنيزيوم;المواد الكيميائية;MAGNESIUM NITRATE;مركبات المغنيزيوم
3/27/612;ثنائي اكسيد المنجنيز;المواد الكيميائية;MANGANESE DIOXIDE OR MANGANESE OXIDE;مركبات المنجنيز
3/27/613;كبريتات المنجنيز;المواد الكيميائية;MANGANESE SULPHATE;مركبات المنجنيز
3/27/614;كلوريد المنجنيز;المواد الكيميائية;MANGANESE CHLORIDE;مركبات المنجنيز
3/27/615;معدن المنجنيز;المواد الكيميائية;MANGANESE METAL;مركبات المنجنيز
3/27/616;نترات المنجنيز;المواد الكيميائية;MANGANESE NITRATE;مركبات المنجنيز
3/27/620;نحاس ( خراطة  );المواد الكيميائية;COPPER TURNING;مركبات النحاس
3/27/621;نحاس ( سلك );المواد الكيميائية;COPPER WIRE;مركبات النحاس
3/27/622;اكسيد النحاسوز أو أكسيد النحاس الأحادي;المواد الكيميائية;CUPROUS OXIDE OR COPPER(I) OXIDE;مركبات النحاس
3/27/623;كلوريد النحاسوز أو كلوريد نحاس الأحادي;المواد الكيميائية;CUPROUS  CHLORIDE;مركبات النحاس
3/27/624;اكسيد النحاسيك أو أكسيد النحاس الثنائي;المواد الكيميائية;COPPREC OXIDE OR COPPER(II) OXIDE;مركبات النحاس
3/27/625;كبريتات النحاسيك او كبريتات النحاس الثنائي - مكرر;المواد الكيميائية;CUPRIC SULFATE  OR COPPER(II) SULFATE;مركبات النحاس
3/27/626;كبريتات النحاسيك أو كبريتات النحاس الثنائي أو الزاج الأزرق;المواد الكيميائية;CUPRIC SULFATE  OR COPPER(II) SULFATE;مركبات النحاس
3/27/627;كبريتيد النحاسيك;المواد الكيميائية;COPPER SULFIDE OR COPPER(I) SULFIDE;مركبات النحاس
3/27/628;كربونات النحاسيك أو كربونات النحاس الثنائي;المواد الكيميائية;COPPER CARBONATE;مركبات النحاس
3/27/629;كلوريد النحاسيك أو كلوريد النحاس الثنائي;المواد الكيميائية;COPPER CHLORIDE OR COPPER(II) CHLORIDE;مركبات النحاس
3/27/630;نترات النحاسيك أو نترات النحاس الثنائي;المواد الكيميائية;COPPER NITRATE OR COPPER(II) NITRATE;مركبات النحاس
3/27/636;كلوريد النيكل;المواد الكيميائية;NICKEL CHLORIDE;مركبات النيكل
3/27/637;معدن النيكل;المواد الكيميائية;NICKEL METAL;مركبات النيكل
3/27/638;نترات النيكل;المواد الكيميائية;NICKEL NITRATE;مركبات النيكل
3/27/644;يود صلب;المواد الكيميائية;IODINE SOLID;مركبات اليود
3/27/645;مسحوق اليود;المواد الكيميائية;IODINE POWDER;مركبات اليود
3/27/650;اجار اجار;المواد الكيميائية;AGAR POWDER;مواد عضوية
3/27/651;بكتين;المواد الكيميائية;PECTIN;مواد عضوية
3/27/657;ثنائي فينيل امين;المواد الكيميائية;DIPHENYLAMINE;مواد عضوية
3/27/659;سداسي ميثيلين ثنائي الامين;المواد الكيميائية;HEXAMETHYLENEDIAMINE;مواد عضوية
3/27/660;هكسامين أو سداسي ميثيلين رباعي أمين;المواد الكيميائية;HEXAMETHYLENETETRAMINE;مواد عضوية
3/27/661;يوريا;المواد الكيميائية;UREA;مواد عضوية
3/27/667;بودرة انزيم الببسين;المواد الكيميائية;PEPSIN ENZYME POWDER;مواد عضوية
3/27/673;بارا ثنائي كلور بنزين;المواد الكيميائية;P-DICHLOROBENZENE;مواد عضوية
3/27/674;فوق اكسيد البنزوين أو بيروكسيد البنزويل;المواد الكيميائية;BENZOYL PEROXIDE;مواد عضوية
3/27/680;بيروجالول أو بيروغالول;المواد الكيميائية;PYROGALLOL;مواد عضوية
3/27/686;تبغ ( نيكوتين );المواد الكيميائية;NICOTINE;مواد عضوية
3/27/692;ثنائي ميثيل جليكوزيم  ( كشاف );المواد الكيميائية;DIMETHYLGLYOXIME;ادلة
3/27/698;خميرة;المواد الكيميائية;YEAST;عام
3/27/703;شمع للإضاءة;المواد الكيميائية;WAX CANDLE;عام
3/27/704;شمع برافين;المواد الكيميائية;PRARFFIN ( WAX );عام
3/27/710;استيل كاولين كلوريد;المواد الكيميائية;ACETYLCHOLINE CHLORIDE;مواد عضوية
3/27/716;كلورال هيدرات;المواد الكيميائية;CHLORAL HYDRATE;عام
3/27/722;كرات صغيرة للمساعدة على الغليان;المواد الكيميائية;SMALL BALLS;عام
3/27/728;مبادل انيوني على صورة كلوريد ( عمود فصل );المواد الكيميائية;ANION EXCHANGE CHLORIDE FORM;عام
3/27/729;مبادل كاثيوني على صورة صوديوم;المواد الكيميائية;CATION EXCHANGE RESIN SODIUM FORM;عام
3/27/730;مبادل انيوني وكاثيوني خليط;المواد الكيميائية;ANION CATION MIXED BED ION EXCHANGE;عام
3/27/731;مطاط صناعي;المواد الكيميائية;SYNTHETIC RUBBER;عام
3/27/732;بولي فينيل كلوريد;المواد الكيميائية;POLYVINYLIDENE CHLORIDE PVC;مواد عضوية
3/27/738;هرمون اندول حمض الخليك أو حمض الأندول الخلي;المواد الكيميائية;INDOLE ACETIC ACID;عام
3/27/739;هرمون تستوستيرون;المواد الكيميائية;TESTOSTERONE;عام
3/27/745;فينيل هايدرازونيوم كلوريد;المواد الكيميائية;PHENYLHYDRAZINIUM CHLORIDE;مواد عضوية
3/27/746;ماليك هيدرازين;المواد الكيميائية;MALEIC HYDRAZIDE;مواد عضوية
3/27/747;ثنائي نيترو فينيل هيدرازين;المواد الكيميائية;DINITROPHENYL HYDRAZINE OR DNP;مواد عضوية
3/27/753;فينول;المواد الكيميائية;PHENOL;مواد عضوية
3/27/754;نافثول الفا - بيتا;المواد الكيميائية;ALPHA NAPHTHOL AND BETA NAPHTHOL;مواد عضوية
3/27/755;نفثالين;المواد الكيميائية;NAPHTHALENE;عام
3/27/761;حمض الاسكوربيك  أو فيتامين ج;المواد الكيميائية;ASCORBIC ACID;احماض
3/27/762;حمض الاوكساليك;المواد الكيميائية;OXALIC ACID;احماض
3/27/763;حمض البنزويك;المواد الكيميائية;BENZOIC ACID;احماض
3/27/764;حمض البوريك أو البورق;المواد الكيميائية;BORIC ACID;احماض
3/27/765;حمض تانيك أو حمض التنيك;المواد الكيميائية;TANNIC ACID;احماض
3/27/766;حمض الترتريك أو حمض الطرطريك;المواد الكيميائية;TARTARIC ACID;احماض
3/27/767;حمض الجبريليك;المواد الكيميائية;GIBBERELLIC ACID;احماض
3/27/768;حمض السالساليك;المواد الكيميائية;SALICYLIC ACID;احماض
3/27/769;حمض الستريك أو حمض الليمون;المواد الكيميائية;CITRIC ACID;احماض
3/27/770;حمض الستياريك أو حمض الشمع;المواد الكيميائية;STEARIC ACID;احماض
3/27/771;حمض السلفانيك أو حمض السلفونيك;المواد الكيميائية;SULPHONIC ACID OR SULFONIC ACID;احماض
3/27/778;دليل اليزارين الاصفر;المواد الكيميائية;ALIZARINE YELLOW R;ادلة
3/27/779;دليل البروموثيمول الازرق أو أزرق البروموثيمول;المواد الكيميائية;BROMOTHYMOL BLUE;ادلة
3/27/780;دليل البروموكريزول الاخضر;المواد الكيميائية;BROMOCRESOL GREEN;ادلة
3/27/781;دليل البنفسج البلوري;المواد الكيميائية;CRYSTAL VIOLET;ادلة
3/27/782;دليل الزايلينول البرتقالي أو برتقالي الزايلينول;المواد الكيميائية;XYLENOL ORANGE;ادلة
3/27/783;دليل تباع الشمس احمر ( ورق );المواد الكيميائية;RED LITMUS PAPER;ادلة
3/27/784;دليل تباع الشمس ازرق ( ورق );المواد الكيميائية;BLUE LITMUS PAPER;ادلة
3/27/785;دليل تباع الشمس (بلورات);المواد الكيميائية;LITMUS POWDER;ادلة
3/27/786;دليل الفينول الاحمر;المواد الكيميائية;PHENOL RED;ادلة
3/27/787;دليل الفينولفثالين أو فينول فثالين;المواد الكيميائية;PHENOLPHTHALEIN;ادلة
3/27/788;دليل الكنغو الاحمر ( ورق ) أو أحمر الكونغو;المواد الكيميائية;CONGO RED PAPER;ادلة
3/27/789;دليل الميثيل الاحمر;المواد الكيميائية;METHYL RED;ادلة
3/27/790;دليل الميثيل البرتقالي;المواد الكيميائية;METHYL ORANGE;ادلة
3/27/791;دليل الميثيل البنفسجي;المواد الكيميائية;METHYL VIOLET;ادلة
3/27/797;جلوكوز;المواد الكيميائية;GLUCOSE;مواد عضوية
3/27/799;جيلاتين;المواد الكيميائية;GELATIN;مواد عضوية
3/27/800;لاكتوز;المواد الكيميائية;LACTOSE;مواد عضوية
3/27/801;مالتوز;المواد الكيميائية;MALTOSE;مواد عضوية
3/27/802;نشاء ذائب;المواد الكيميائية;STARCH;عام
3/27/808;سيليولوز ( مسحوق );المواد الكيميائية;CELLULOSE POWDER;مواد عضوية
3/27/809;خلات السيليولوز;المواد الكيميائية;CELLULOSE ACETATES;مواد عضوية
3/27/810;ميثيل سيليولوز;المواد الكيميائية;METHYL CELLULOSE;مواد عضوية
3/27/816;صبغة الايوسين أو اليوزين;المواد الكيميائية;EOSIN  OR EOSIN Y STAIN;صبغات
3/27/818;صبغة رايت;المواد الكيميائية;WRIGHT'S STAIN;صبغات
3/27/819;صبغة سودان ( 3 );المواد الكيميائية;SUDAN III STAIN;صبغات
3/27/820;صبغة سودان ( 4 );المواد الكيميائية;SUDAN IV STAIN;صبغات
3/27/821;صبغة الصفرانين;المواد الكيميائية;SAFRANIN STAIN;صبغات
3/27/822;صبغة الفيوشين ( حامض );المواد الكيميائية;FUCHSIN ACID STAIN;صبغات
3/27/823;صبغة الكارمين ( مسحوق );المواد الكيميائية;CARMINE STAIN;صبغات
3/27/824;صبغة الكندا بلسم;المواد الكيميائية;CANADA BALSAM STAIN;صبغات
3/27/825;صبغة الكنغو الاحمر;المواد الكيميائية;CONGO RED STAIN;صبغات
3/27/826;صبغة الميثيلين الازرق;المواد الكيميائية;METHYLENE BLUE STAIN;صبغات
3/27/827;صبغة الميثيل الازرق;المواد الكيميائية;METHYL BLUE STAIN;صبغات
3/27/832;قرص رينيت أو منفحة;المواد الكيميائية;RENNET TABLETS;عام
3/27/833;قرص محلول رينجر;المواد الكيميائية;RINGER'S SOLUTION TABLETS;عام
3/27/834;قرص مضادات حيوية;المواد الكيميائية;TABLET ANTIBAUTIC;عام
3/27/840;عينات من الالومنيوم النقي;المواد الكيميائية;PURE ALUMINUM SAMPLES;عينات
3/27/841;عينات من الومنيوم مؤكسد السطح;المواد الكيميائية;OXIDATION ALUMINUM SAMPLES;عينات
3/27/842;عينات من خام الالومنيوم;المواد الكيميائية;ALUMINUM ORE  SAMPLES;عينات
3/27/843;عينات من البرونز;المواد الكيميائية;BRONZE SAMPLES;عينات
3/27/844;عينات من الحديد النقي;المواد الكيميائية;PURE IRON SAMPLES;عينات
3/27/845;عينات من الحديد المصدا;المواد الكيميائية;OXIDATION IRON SAMPLES;عينات
3/27/846;عينات من الحديد وخاماته;المواد الكيميائية;IRON ORE  SAMPLES;عينات
3/27/847;عينات من نقود فضية حاوية للفضة;المواد الكيميائية;SILVER COINS SAMPLES;عينات
3/27/848;عينات من النحاس النقي;المواد الكيميائية;PURE COPPER SAMPLES;عينات
3/27/849;عينات من النحاس الاصفر;المواد الكيميائية;YELLOW COPPER SAMPLES;عينات
3/27/850;عينات من خامات النحاس;المواد الكيميائية;COPPER ORE SAMPLES;عينات
3/27/851;عينات من بلورات تمثل المعادن الرئيسية;المواد الكيميائية;MINERALS CRYSTALS SAMPLES;عينات
3/27/852;فوسفات الصوديوم الهيدروجينية;المواد الكيميائية;SODIUM HYDROGEN PHOSPHATE;مركبات الصوديوم
3/27/854;ترترات البوتاسيوم والانتيمون أو ملح روتشيلة;المواد الكيميائية;POTASSIUM ANTIMONY TARTARATE;مركبات البوتاسيوم
3/27/855;فلوريد الهيدروجين أو حمض الهيدروفلوريك;المواد الكيميائية;HYDROGEN FLUORIDE OR HYDROFLUORIC ACID;احماض
3/27/856;كبريتيت الامونيوم الهيدروجيني;المواد الكيميائية;AMMONIUM HYDROGEN SULFITE;مركبات الامونيوم
3/27/858;بروموبنزين;المواد الكيميائية;BROMOBENZENE;مواد عضوية
3/27/859;ثالث اكسيد الكروم;المواد الكيميائية;CHROMIUM(III) OXIDE;مركبات الكروم
3/27/860;انثراسين;المواد الكيميائية;ANTHRACENE;عام
3/27/861;كاشف بارفويد;المواد الكيميائية;BARFOED REAGENT;ادلة
3/27/862;كلوريد بنزين سلفونيل;المواد الكيميائية;BENZENESULFONYL CHLORIDE;مواد عضوية
3/27/866;بولي ستايرين أو بوليستيرين;المواد الكيميائية;POLYSTYRENE OR POLY(STYRENE);مواد عضوية
3/27/867;زيت سيليكون;المواد الكيميائية;SILICONE OIL;زيت
3/27/868;فهلنج ا;المواد الكيميائية;FEHLING'S  A;ادلة
3/27/869;فهلنج ب;المواد الكيميائية;FEHLING'S  B;ادلة
